"","lot_id","year","vcalls","greened"
"1",50808,2016,2289,0
"2",52577,2016,892,0
"3",52490,2015,964,1
"4",53737,2016,1651,1
"5",32190,2017,2959,1
"6",53302,2017,1529,0
"7",40687,2018,2730,0
"8",42485,2015,2554,1
"9",33089,2015,843,0
"10",29667,2015,2845,0
"11",32915,2017,1281,0
"12",37700,2017,1709,1
"13",41122,2017,693,0
"14",44834,2016,1716,1
"15",46661,2015,1481,1
"16",48140,2018,953,1
"17",47705,2017,1461,0
"18",51359,2015,1475,1
"19",41267,2017,687,1
"20",44312,2016,2462,1
"21",35960,2015,1929,1
"22",51330,2016,1668,0
"23",39875,2016,1757,0
"24",30421,2018,1173,0
"25",43964,2018,781,0
"26",53389,2015,1306,0
"27",48372,2016,1664,1
"28",40745,2018,936,1
"29",44718,2018,633,1
"30",30334,2016,1647,1
"31",45559,2017,1855,0
"32",48662,2015,1899,1
"33",49822,2017,1681,0
"34",34597,2015,1879,0
"35",30189,2018,423,1
"36",54520,2016,1665,1
"37",52490,2017,1310,1
"38",48923,2017,1644,1
"39",36830,2018,589,1
"40",52461,2015,1743,1
"41",51069,2018,1142,0
"42",50373,2015,1853,1
"43",39005,2015,1318,1
"44",54143,2016,922,1
"45",49358,2015,1783,1
"46",42253,2015,913,0
"47",39063,2015,1655,1
"48",42630,2015,1727,0
"49",52490,2018,1332,1
"50",53969,2018,572,1
"51",49648,2017,1363,0
"52",43819,2016,2083,1
"53",54578,2016,693,1
"54",34771,2016,1255,0
"55",29145,2015,962,1
"56",37120,2017,843,0
"57",31175,2016,1041,1
"58",32828,2017,1922,0
"59",30682,2017,438,1
"60",42050,2015,1276,0
"61",33669,2015,1697,1
"62",51156,2015,1716,0
"63",47850,2018,584,0
"64",55361,2016,1078,1
"65",43848,2016,1432,1
"66",50663,2018,2666,0
"67",37178,2016,878,0
"68",48720,2016,2265,1
"69",32741,2018,1851,0
"70",54926,2017,1078,1
"71",50779,2018,3303,1
"72",52258,2015,1400,1
"73",51736,2016,2623,1
"74",37584,2018,1216,1
"75",32828,2018,1876,0
"76",33292,2017,864,1
"77",50750,2016,1440,0
"78",35467,2018,0,1
"79",34568,2016,2301,0
"80",34017,2018,1028,1
"81",30827,2015,1148,1
"82",29319,2015,1302,0
"83",39295,2016,1785,0
"84",38889,2015,1633,1
"85",53476,2017,2558,0
"86",31059,2017,1793,1
"87",46429,2018,877,0
"88",41992,2018,498,1
"89",49793,2016,2290,0
"90",29058,2018,1526,0
"91",54810,2017,381,0
"92",39382,2018,1523,1
"93",38454,2015,2426,0
"94",54723,2015,2375,0
"95",30624,2018,1660,1
"96",53824,2017,1274,1
"97",38570,2018,2130,0
"98",43268,2018,1820,0
"99",50634,2015,1070,1
"100",37526,2018,802,1
"101",39208,2018,1355,0
"102",37932,2015,1446,0
"103",44167,2017,1182,1
"104",35902,2015,1279,0
"105",40658,2016,1564,0
"106",47676,2018,1159,0
"107",36540,2016,2216,1
"108",54375,2016,532,1
"109",44080,2016,1193,0
"110",52519,2016,2034,0
"111",46516,2017,945,0
"112",40281,2015,1509,0
"113",50953,2018,64,0
"114",48923,2015,1499,1
"115",55448,2016,1640,1
"116",54955,2015,2159,1
"117",35003,2017,1595,0
"118",46168,2016,1569,1
"119",54868,2018,1832,0
"120",52287,2015,1488,1
"121",38454,2017,2490,0
"122",50634,2017,1134,1
"123",41035,2015,929,1
"124",35844,2016,1418,1
"125",31436,2017,879,0
"126",38019,2015,1591,0
"127",31523,2017,1266,0
"128",44834,2015,1759,1
"129",50141,2015,1614,0
"130",40803,2015,1460,1
"131",45472,2018,402,0
"132",41644,2016,1681,0
"133",46748,2016,1163,0
"134",33118,2018,1195,0
"135",51794,2015,281,0
"136",41064,2015,1493,0
"137",40977,2016,1407,1
"138",56057,2018,855,1
"139",48807,2018,1587,0
"140",55158,2016,529,0
"141",43616,2018,1173,1
"142",51591,2017,2420,1
"143",47908,2018,2742,0
"144",53911,2018,748,0
"145",39962,2017,1566,0
"146",36163,2015,954,0
"147",46777,2016,1921,1
"148",47850,2016,1386,0
"149",41905,2015,906,1
"150",55941,2017,1489,0
"151",48836,2017,1725,0
"152",34278,2016,1857,0
"153",43326,2018,2323,0
"154",50518,2016,1970,0
"155",29638,2016,2108,0
"156",37729,2015,670,0
"157",47676,2015,926,0
"158",35206,2018,89,1
"159",29406,2016,971,1
"160",47125,2018,1939,1
"161",29928,2015,1916,0
"162",36511,2016,1107,0
"163",51069,2017,1173,0
"164",44544,2017,1194,0
"165",37990,2018,1721,0
"166",37439,2017,1684,0
"167",52403,2017,1355,1
"168",36482,2017,2114,0
"169",29087,2017,1501,1
"170",38686,2016,1384,0
"171",44660,2016,2350,0
"172",35989,2018,1260,1
"173",29551,2017,1438,0
"174",29638,2018,1607,0
"175",55593,2018,1794,0
"176",30073,2016,1976,1
"177",36395,2017,2054,0
"178",34481,2015,1610,0
"179",30624,2015,2232,1
"180",48633,2015,2423,1
"181",41644,2018,1516,0
"182",37787,2015,794,1
"183",50837,2016,1159,0
"184",43355,2017,1508,0
"185",46980,2018,885,1
"186",30653,2018,683,0
"187",39672,2015,1506,1
"188",48285,2016,1651,1
"189",43993,2018,1059,0
"190",29667,2017,2573,0
"191",36279,2017,1559,0
"192",40078,2018,1997,0
"193",37439,2018,1760,0
"194",55100,2016,1717,0
"195",53331,2018,446,0
"196",35351,2015,1451,0
"197",38338,2018,1429,1
"198",53708,2015,1739,0
"199",38831,2017,1070,0
"200",43703,2015,1734,0
"201",35844,2018,912,1
"202",44428,2018,1772,1
"203",48981,2015,2047,1
"204",36511,2018,624,0
"205",51098,2016,1166,1
"206",30885,2018,972,0
"207",43558,2017,1572,0
"208",32306,2017,2115,1
"209",50576,2016,921,1
"210",46893,2016,987,0
"211",35583,2015,1729,1
"212",39701,2017,1575,0
"213",30653,2015,1398,0
"214",31233,2017,2056,0
"215",32712,2017,213,0
"216",40513,2015,928,0
"217",47705,2018,1775,0
"218",32393,2017,1168,1
"219",52577,2015,1280,0
"220",45820,2016,1610,0
"221",46197,2018,2898,0
"222",35496,2015,1734,1
"223",49068,2015,1936,1
"224",42340,2018,686,1
"225",46226,2016,1242,0
"226",45588,2015,2157,0
"227",46864,2018,703,1
"228",48401,2017,1000,1
"229",31494,2017,1648,1
"230",39353,2017,1251,1
"231",35206,2016,812,1
"232",36076,2018,1113,1
"233",35090,2015,1946,1
"234",39730,2016,1180,1
"235",52693,2015,1480,0
"236",41093,2017,1378,0
"237",47618,2017,1763,1
"238",31146,2016,419,1
"239",46719,2018,2017,0
"240",31349,2015,964,1
"241",35293,2015,1768,0
"242",53244,2017,1284,1
"243",48633,2016,2099,1
"244",44080,2018,1658,0
"245",54752,2018,988,0
"246",44138,2017,1858,0
"247",53650,2015,1463,1
"248",32596,2018,371,1
"249",36250,2016,2691,0
"250",46603,2016,1280,0
"251",36946,2017,1841,0
"252",54462,2017,1347,0
"253",53302,2016,1754,0
"254",45791,2017,1191,1
"255",38425,2017,1340,0
"256",41847,2016,662,1
"257",46458,2018,1122,1
"258",34104,2016,1896,1
"259",39411,2018,1665,0
"260",29232,2016,1404,0
"261",53186,2015,2174,1
"262",38483,2015,1415,1
"263",51910,2015,2687,0
"264",35380,2017,1402,0
"265",33640,2016,3086,0
"266",52954,2018,1139,1
"267",43819,2017,1563,1
"268",55651,2018,1505,1
"269",53795,2015,1397,0
"270",34771,2018,856,0
"271",41441,2017,1137,0
"272",44747,2015,1832,0
"273",55709,2016,1074,0
"274",30450,2018,505,1
"275",56057,2016,1499,1
"276",42369,2018,1314,1
"277",48662,2016,1396,1
"278",54288,2017,191,1
"279",53592,2018,1752,0
"280",33930,2016,2036,1
"281",54056,2015,1153,0
"282",29348,2015,2091,1
"283",52403,2015,1452,1
"284",38077,2015,1934,0
"285",31813,2018,816,1
"286",31117,2018,1476,1
"287",40919,2015,1856,0
"288",38918,2017,3086,0
"289",35467,2017,0,1
"290",29435,2017,1677,0
"291",43036,2016,891,0
"292",35525,2018,1062,0
"293",44457,2016,1680,0
"294",50286,2016,2246,1
"295",52287,2017,1631,1
"296",41818,2015,2518,0
"297",30276,2016,1195,0
"298",45037,2017,1577,1
"299",29290,2016,1689,1
"300",53476,2016,2258,0
"301",42282,2017,1351,0
"302",52258,2018,897,1
"303",31552,2016,843,0
"304",46864,2016,1312,1
"305",49416,2018,2017,0
"306",50112,2017,1640,1
"307",38802,2018,2121,0
"308",50634,2016,966,1
"309",43326,2015,2113,0
"310",46429,2015,1412,0
"311",47067,2016,807,0
"312",44747,2018,1681,0
"313",39121,2015,1908,1
"314",39846,2017,754,1
"315",48430,2016,1583,0
"316",38309,2018,1402,1
"317",50373,2016,1979,1
"318",39266,2017,1060,0
"319",54085,2016,961,1
"320",41006,2018,1761,0
"321",35815,2017,687,0
"322",44196,2015,1176,1
"323",30566,2017,364,0
"324",30624,2017,1565,1
"325",43529,2015,1496,0
"326",55970,2018,1826,0
"327",32219,2015,1265,1
"328",51272,2016,1420,1
"329",51765,2018,0,1
"330",49387,2016,2046,0
"331",30769,2017,1198,1
"332",46603,2017,1477,0
"333",46690,2017,160,0
"334",47531,2016,656,1
"335",48488,2018,2048,1
"336",34887,2016,800,0
"337",53621,2017,2069,0
"338",51185,2017,1760,0
"339",35931,2017,1345,0
"340",48285,2015,1507,1
"341",52780,2016,827,0
"342",38222,2015,1868,1
"343",33669,2018,2211,1
"344",42340,2017,762,1
"345",33205,2015,1482,0
"346",34829,2018,508,1
"347",51388,2017,304,1
"348",44109,2016,1619,1
"349",50286,2018,1138,1
"350",29957,2018,516,1
"351",51649,2015,1825,1
"352",51156,2017,1491,0
"353",48198,2015,1463,0
"354",55912,2015,857,0
"355",40542,2018,830,1
"356",54288,2016,515,1
"357",33002,2017,1448,0
"358",37642,2017,2384,0
"359",52345,2016,992,0
"360",47009,2016,1138,0
"361",33930,2018,1715,1
"362",32538,2016,1658,1
"363",53882,2016,1754,0
"364",41470,2017,10,1
"365",45443,2015,1544,1
"366",35293,2016,1591,0
"367",55361,2018,1165,1
"368",46922,2016,1990,0
"369",45269,2016,1634,0
"370",49445,2016,1612,0
"371",40107,2015,1716,1
"372",51678,2018,1580,0
"373",52606,2017,335,1
"374",46168,2018,934,1
"375",55013,2017,1849,1
"376",49590,2016,1611,1
"377",37352,2016,1636,1
"378",47444,2015,1139,1
"379",54897,2017,2049,0
"380",38135,2018,1465,0
"381",41528,2017,1525,1
"382",55825,2018,2227,1
"383",37120,2018,745,0
"384",47647,2017,2483,0
"385",52171,2018,795,0
"386",36163,2017,1003,0
"387",51388,2018,290,1
"388",34742,2016,2090,1
"389",45762,2017,1898,0
"390",48720,2015,2078,1
"391",50721,2016,2001,0
"392",51446,2017,2385,1
"393",41238,2017,1643,1
"394",35119,2016,2134,1
"395",44805,2015,1884,0
"396",44544,2015,1270,0
"397",34452,2016,267,1
"398",54317,2015,2012,0
"399",39556,2017,2083,1
"400",31291,2016,1570,1
"401",34597,2017,2119,0
"402",44167,2018,1396,1
"403",53331,2015,824,0
"404",44196,2017,1052,1
"405",34191,2017,978,0
"406",32799,2015,1221,1
"407",29348,2017,2595,1
"408",40078,2015,2205,0
"409",47212,2018,939,1
"410",55738,2017,1480,1
"411",51620,2018,208,1
"412",48575,2018,1017,0
"413",50170,2015,1083,1
"414",52751,2015,2334,1
"415",49387,2018,1840,0
"416",38541,2015,1372,1
"417",46864,2015,1053,1
"418",42369,2016,1303,1
"419",42949,2016,1306,0
"420",56115,2018,1313,0
"421",53969,2017,656,1
"422",32190,2018,2280,1
"423",54984,2015,1706,1
"424",53041,2016,683,0
"425",31523,2015,1262,0
"426",34162,2015,1828,1
"427",39788,2016,2184,0
"428",43993,2017,1541,0
"429",53012,2016,1859,0
"430",36830,2016,1062,1
"431",50344,2017,823,0
"432",51214,2016,2706,1
"433",45559,2015,1411,0
"434",54317,2018,2197,0
"435",40890,2016,1483,1
"436",32683,2018,476,1
"437",45675,2018,2639,0
"438",54810,2015,626,0
"439",37265,2017,873,1
"440",54404,2017,2353,1
"441",55216,2018,999,1
"442",46023,2016,1340,1
"443",36134,2017,2484,1
"444",47038,2016,2787,1
"445",45878,2017,1913,1
"446",53766,2015,1454,0
"447",51997,2016,2079,1
"448",31987,2016,1381,1
"449",31088,2018,1953,1
"450",46342,2017,2238,0
"451",34046,2018,1352,0
"452",32451,2017,0,0
"453",53766,2017,1653,0
"454",50779,2017,3472,1
"455",38251,2015,1389,0
"456",52780,2017,1033,0
"457",41934,2017,757,1
"458",56086,2018,1009,1
"459",43906,2017,511,0
"460",43500,2017,1134,0
"461",29522,2016,1851,1
"462",43181,2015,687,1
"463",36714,2017,2158,0
"464",53099,2016,1847,1
"465",40716,2017,2301,0
"466",36018,2017,1517,0
"467",36598,2017,2754,0
"468",39817,2016,436,1
"469",45907,2016,2219,1
"470",37091,2017,336,1
"471",53360,2016,2177,1
"472",49880,2018,2232,1
"473",30450,2015,1149,1
"474",52316,2015,741,0
"475",33959,2017,2306,1
"476",41296,2018,2683,0
"477",49590,2018,1571,1
"478",34742,2018,2348,1
"479",35322,2016,1486,1
"480",37613,2016,2152,1
"481",54491,2016,1702,1
"482",34104,2018,1587,1
"483",32596,2015,1348,1
"484",54201,2018,1057,1
"485",32132,2016,2031,0
"486",51881,2016,1557,1
"487",35583,2018,1017,1
"488",48749,2015,1158,0
"489",39005,2016,842,1
"490",55390,2017,1594,1
"491",45878,2015,2303,1
"492",53505,2016,1052,0
"493",42949,2015,1257,0
"494",42398,2016,1391,0
"495",32973,2018,1490,0
"496",43645,2018,1458,0
"497",41586,2018,878,1
"498",37033,2016,1128,0
"499",46690,2015,721,0
"500",50402,2018,1552,1
"501",45733,2015,1827,0
"502",47270,2016,1252,0
"503",35554,2016,971,1
"504",30102,2015,2357,1
"505",47908,2016,2432,0
"506",36685,2018,782,1
"507",37555,2017,860,0
"508",50402,2016,1041,1
"509",49387,2015,2501,0
"510",35815,2016,868,0
"511",44834,2018,1860,1
"512",50489,2017,1569,1
"513",42659,2017,1030,1
"514",49967,2016,775,1
"515",52896,2016,1299,0
"516",30595,2018,982,0
"517",36743,2017,642,0
"518",38425,2016,1467,0
"519",32364,2015,1277,1
"520",54665,2018,1478,0
"521",42108,2015,1513,1
"522",29522,2015,1571,1
"523",32915,2016,1529,0
"524",40774,2015,1490,0
"525",55564,2017,611,1
"526",32770,2018,1280,0
"527",56115,2015,1741,0
"528",42398,2015,1473,0
"529",37787,2018,1135,1
"530",44399,2016,929,0
"531",36337,2017,1653,1
"532",54085,2018,1032,1
"533",48053,2015,1819,1
"534",30276,2017,895,0
"535",51678,2017,1667,0
"536",48140,2017,1270,1
"537",50112,2016,1669,1
"538",43587,2015,484,1
"539",55448,2015,1484,1
"540",48024,2018,2731,0
"541",29696,2018,891,1
"542",49822,2015,1380,0
"543",50518,2018,1849,0
"544",52983,2015,1659,0
"545",51272,2018,1278,1
"546",31523,2016,1184,0
"547",36656,2017,1446,0
"548",53157,2017,1614,1
"549",40832,2017,1205,0
"550",35090,2018,1891,1
"551",34655,2016,2497,0
"552",52548,2018,976,0
"553",35786,2016,861,0
"554",31813,2015,956,1
"555",49213,2018,1754,0
"556",44486,2016,1837,0
"557",30682,2018,477,1
"558",29725,2017,1887,0
"559",45501,2017,1706,1
"560",40600,2016,1339,0
"561",49561,2017,0,1
"562",46052,2016,1381,1
"563",47067,2017,382,0
"564",47415,2017,1566,0
"565",44747,2016,1771,0
"566",51997,2018,1797,1
"567",40716,2015,2171,0
"568",44950,2018,2083,1
"569",32538,2017,1735,1
"570",30885,2017,1470,0
"571",53273,2016,1663,0
"572",32509,2016,2217,0
"573",35409,2017,1516,0
"574",35989,2016,2123,1
"575",52896,2018,890,0
"576",40223,2017,1452,0
"577",46980,2016,1285,1
"578",35525,2017,1297,0
"579",52374,2018,1623,0
"580",55738,2018,924,1
"581",38947,2015,1970,1
"582",49271,2016,829,0
"583",44225,2017,1133,1
"584",40455,2018,952,1
"585",47995,2016,1468,0
"586",51736,2018,1869,1
"587",50315,2016,1494,1
"588",46110,2015,672,1
"589",43819,2015,1962,1
"590",51417,2015,1299,1
"591",41847,2015,447,1
"592",33002,2018,1904,0
"593",30305,2015,1595,0
"594",35264,2015,1986,0
"595",41731,2017,1170,1
"596",37062,2017,2222,1
"597",33959,2015,1890,1
"598",31465,2016,959,1
"599",30102,2018,2820,1
"600",48256,2015,1954,1
"601",30160,2016,1467,0
"602",37178,2015,1007,0
"603",40049,2016,1661,1
"604",45153,2015,1403,1
"605",46632,2017,805,0
"606",45646,2016,1806,1
"607",32190,2016,2572,1
"608",47705,2015,1843,0
"609",44051,2018,1285,0
"610",45182,2018,1371,0
"611",40165,2018,2214,1
"612",33698,2015,1239,0
"613",55535,2018,2365,0
"614",32132,2017,1406,0
"615",37903,2015,1637,0
"616",54491,2015,1702,1
"617",30189,2016,505,1
"618",56057,2015,1084,1
"619",54868,2016,2706,0
"620",40629,2018,148,1
"621",29812,2015,1487,0
"622",54694,2016,1380,0
"623",44138,2016,1850,0
"624",54346,2017,0,0
"625",29725,2018,1858,0
"626",30595,2016,884,0
"627",29232,2017,1758,0
"628",37874,2018,1619,0
"629",47908,2017,2156,0
"630",53186,2017,2020,1
"631",47415,2018,1706,0
"632",43094,2015,2024,0
"633",43181,2017,712,1
"634",35728,2017,1287,0
"635",40397,2015,634,1
"636",29116,2016,1033,0
"637",48169,2016,2158,1
"638",40774,2018,768,0
"639",31175,2018,879,1
"640",39353,2016,1506,1
"641",54317,2016,1990,0
"642",43123,2015,1417,1
"643",32712,2018,0,0
"644",52925,2015,2010,0
"645",32944,2016,671,0
"646",32161,2017,2185,1
"647",55071,2015,2001,1
"648",39585,2016,2445,0
"649",31291,2017,1798,1
"650",46806,2015,1054,0
"651",49416,2015,2046,0
"652",44370,2018,1243,0
"653",47386,2017,1168,0
"654",50866,2018,1874,0
"655",51330,2018,1428,0
"656",49532,2018,1349,1
"657",30276,2015,1360,0
"658",43007,2017,251,0
"659",55216,2017,1314,1
"660",40281,2017,2008,0
"661",45501,2015,1815,1
"662",54839,2017,2128,0
"663",38164,2018,688,1
"664",49938,2017,890,1
"665",39846,2018,0,1
"666",54230,2015,1899,1
"667",49561,2016,0,1
"668",55912,2016,251,0
"669",43761,2015,2538,1
"670",35206,2015,721,1
"671",32886,2018,229,0
"672",33408,2017,1971,1
"673",52809,2016,1544,1
"674",42514,2015,943,1
"675",51852,2018,119,1
"676",31784,2017,1720,0
"677",32045,2017,1147,0
"678",31262,2018,1094,1
"679",40774,2017,878,0
"680",50228,2018,1033,1
"681",50460,2018,836,1
"682",37961,2018,2412,1
"683",50518,2015,1696,0
"684",47096,2018,1545,0
"685",34452,2017,394,1
"686",38367,2017,737,0
"687",49010,2018,1647,0
"688",33756,2017,905,1
"689",44109,2018,543,1
"690",49010,2015,1409,0
"691",48024,2016,2611,0
"692",51533,2017,2082,0
"693",45066,2017,2222,1
"694",31030,2017,660,0
"695",52316,2016,776,0
"696",44167,2016,1196,1
"697",54955,2016,2252,1
"698",41441,2018,1514,0
"699",46052,2018,926,1
"700",36395,2016,1721,0
"701",53853,2016,707,1
"702",39643,2018,2126,1
"703",49097,2015,2377,1
"704",54607,2017,1913,1
"705",49851,2017,2408,1
"706",46661,2016,1854,1
"707",49677,2017,2063,0
"708",32944,2018,538,0
"709",39150,2017,1633,1
"710",35322,2018,1329,1
"711",51910,2018,2614,0
"712",39817,2015,773,1
"713",38193,2016,1129,1
"714",32828,2016,2308,0
"715",36888,2016,1567,1
"716",29174,2016,2258,1
"717",50924,2016,1689,1
"718",47937,2015,961,1
"719",46110,2016,752,1
"720",31610,2016,1506,0
"721",53012,2015,1897,0
"722",34568,2018,1931,0
"723",31552,2017,1218,0
"724",42891,2017,1161,1
"725",35902,2018,818,0
"726",51156,2018,1418,0
"727",52635,2016,1832,0
"728",35148,2018,1538,1
"729",31494,2015,820,1
"730",39904,2016,2430,0
"731",46545,2018,658,0
"732",32799,2018,1105,1
"733",40368,2016,445,0
"734",44341,2018,3083,1
"735",30856,2015,1254,1
"736",56086,2016,1169,1
"737",40571,2016,1552,0
"738",41470,2016,165,1
"739",36917,2017,1949,1
"740",30798,2016,93,1
"741",55274,2016,1655,0
"742",37874,2016,1685,0
"743",50199,2015,1448,1
"744",54375,2017,834,1
"745",43065,2018,1823,1
"746",49300,2015,1447,1
"747",43413,2016,931,1
"748",46284,2016,1819,0
"749",37497,2015,1770,0
"750",43355,2015,1779,0
"751",49851,2016,2270,1
"752",53244,2018,1647,1
"753",32451,2016,353,0
"754",36627,2018,866,1
"755",53215,2016,1174,0
"756",30131,2016,1838,1
"757",55187,2018,707,0
"758",31146,2015,814,1
"759",43471,2015,2442,0
"760",54085,2017,1215,1
"761",41644,2015,1918,0
"762",35496,2018,1838,1
"763",37352,2015,1710,1
"764",32741,2016,1946,0
"765",49561,2018,0,1
"766",46139,2017,281,1
"767",46748,2018,1161,0
"768",51475,2017,1391,0
"769",50866,2015,1763,0
"770",55970,2016,1894,0
"771",40078,2017,2139,0
"772",44689,2017,1839,0
"773",30827,2016,1277,1
"774",32857,2018,1816,0
"775",41006,2017,1638,0
"776",31059,2015,1371,1
"777",52925,2016,2293,0
"778",46574,2016,1885,0
"779",35525,2015,2072,0
"780",41586,2015,588,1
"781",44892,2018,1368,0
"782",35757,2016,368,1
"783",31407,2018,188,1
"784",41325,2018,1048,1
"785",55448,2017,1844,1
"786",41760,2017,701,0
"787",42978,2016,1804,1
"788",51707,2018,1906,0
"789",29261,2018,1207,1
"790",37584,2016,1376,1
"791",50895,2018,1767,0
"792",37816,2017,2201,1
"793",32277,2018,1417,1
"794",43094,2017,1755,0
"795",39614,2018,1051,1
"796",41905,2018,1065,1
"797",35351,2016,1368,0
"798",34046,2015,1124,0
"799",51301,2018,1101,0
"800",53186,2018,1709,1
"801",43645,2017,1623,0
"802",50866,2016,1643,0
"803",50460,2016,1547,1
"804",49184,2015,744,1
"805",55448,2018,1447,1
"806",39179,2018,2943,0
"807",48488,2016,1691,1
"808",47299,2017,772,1
"809",35235,2015,1263,1
"810",48227,2016,1099,0
"811",38425,2015,1732,0
"812",45588,2016,2427,0
"813",32480,2017,2044,1
"814",45269,2015,1673,0
"815",29290,2017,1479,1
"816",53128,2015,1526,1
"817",38483,2016,1478,1
"818",52838,2017,723,1
"819",53157,2015,1725,1
"820",36105,2015,988,1
"821",53389,2017,1288,0
"822",33408,2016,1931,1
"823",34713,2016,1832,0
"824",37526,2015,1716,1
"825",36308,2018,705,0
"826",51968,2015,1775,0
"827",44370,2017,1468,0
"828",52983,2017,1437,0
"829",34974,2016,1727,1
"830",39179,2017,2871,0
"831",46835,2018,2115,0
"832",34162,2016,1985,1
"833",35293,2017,1558,0
"834",42108,2018,1574,1
"835",54955,2017,2252,1
"836",51736,2015,2241,1
"837",51562,2017,889,1
"838",42746,2018,1845,1
"839",40745,2016,1016,1
"840",36221,2016,1622,1
"841",38512,2017,2217,0
"842",46371,2016,1693,0
"843",35931,2016,1167,0
"844",36482,2018,1855,0
"845",55158,2017,1020,0
"846",38512,2018,2468,0
"847",52461,2018,1366,1
"848",30334,2018,1641,1
"849",32422,2015,2112,0
"850",51823,2017,1190,0
"851",51562,2018,869,1
"852",54143,2015,743,1
"853",40339,2018,1006,0
"854",36192,2018,1894,0
"855",40020,2018,1903,1
"856",43558,2018,1705,0
"857",46864,2017,1005,1
"858",44399,2017,788,0
"859",51939,2018,1340,0
"860",44602,2017,900,0
"861",45791,2018,904,1
"862",36250,2017,1816,0
"863",49822,2016,1632,0
"864",38715,2018,146,0
"865",30247,2017,1473,0
"866",39382,2017,1162,1
"867",39759,2017,1920,1
"868",41818,2016,1998,0
"869",51968,2018,1809,0
"870",50924,2018,1347,1
"871",40716,2018,2584,0
"872",46777,2018,2013,1
"873",42398,2017,1336,0
"874",53563,2016,2653,1
"875",42195,2017,1926,0
"876",33147,2016,1807,1
"877",55622,2015,2208,0
"878",32335,2018,888,1
"879",38744,2017,610,1
"880",52780,2015,1140,0
"881",37845,2016,1242,1
"882",39382,2016,1115,1
"883",39121,2018,1597,1
"884",52084,2018,0,1
"885",55100,2015,1876,0
"886",37294,2018,1001,0
"887",37381,2017,1067,1
"888",43326,2017,2355,0
"889",31320,2016,2224,0
"890",32683,2015,1233,1
"891",39527,2015,1556,1
"892",34017,2016,1447,1
"893",48749,2017,1195,0
"894",49271,2018,664,0
"895",29783,2018,914,0
"896",55187,2015,887,0
"897",30537,2017,937,0
"898",33060,2018,202,1
"899",46545,2017,525,0
"900",53795,2017,1729,0
"901",47009,2015,1417,0
"902",43152,2017,1229,1
"903",46255,2015,1481,0
"904",55390,2015,1417,1
"905",35728,2016,1389,0
"906",51852,2015,456,1
"907",53041,2018,843,0
"908",29928,2017,1529,0
"909",49039,2016,894,0
"910",49764,2018,758,0
"911",31407,2016,728,1
"912",31349,2017,1292,1
"913",42775,2017,2086,0
"914",50431,2015,1517,0
"915",45124,2018,796,1
"916",50257,2015,1122,0
"917",34597,2018,1953,0
"918",31842,2015,2338,0
"919",44805,2017,1855,0
"920",30363,2017,1997,1
"921",55390,2016,1527,1
"922",32219,2017,507,1
"923",55100,2018,1111,0
"924",52084,2017,277,1
"925",37033,2015,929,0
"926",39411,2015,1861,0
"927",38106,2018,1379,1
"928",42253,2018,1803,0
"929",32074,2018,0,1
"930",53795,2016,1670,0
"931",50750,2018,1067,0
"932",41151,2015,1311,0
"933",45559,2016,1598,0
"934",30102,2016,2533,1
"935",45733,2016,1712,0
"936",45965,2016,1342,0
"937",29261,2016,1493,1
"938",39092,2017,257,0
"939",47618,2015,2400,1
"940",49474,2016,1544,1
"941",33553,2016,1042,1
"942",37265,2018,778,1
"943",40803,2016,1555,1
"944",36163,2016,991,0
"945",39875,2015,1565,0
"946",49735,2016,1804,1
"947",42137,2016,2035,0
"948",53418,2015,1095,1
"949",39585,2015,2531,0
"950",51417,2016,1528,1
"951",41847,2017,712,1
"952",46951,2015,1095,0
"953",44428,2015,1493,1
"954",55506,2017,1794,0
"955",48952,2016,808,0
"956",55303,2015,1326,1
"957",49619,2015,1307,1
"958",38599,2018,2470,1
"959",41064,2016,1753,0
"960",36975,2018,1695,0
"961",33060,2015,1257,1
"962",31987,2015,1036,1
"963",36424,2018,196,0
"964",30392,2016,1660,0
"965",52751,2016,2181,1
"966",31088,2017,1730,1
"967",42282,2018,1238,0
"968",44718,2016,1089,1
"969",31958,2018,1934,1
"970",30305,2017,1512,0
"971",46168,2015,1808,1
"972",55245,2017,2386,0
"973",39904,2017,2239,0
"974",35409,2015,1198,0
"975",45878,2016,2294,1
"976",38106,2015,1225,1
"977",34162,2018,2117,1
"978",50605,2016,2007,1
"979",29377,2015,1151,0
"980",49416,2017,2097,0
"981",36047,2017,1796,1
"982",52403,2016,1191,1
"983",44515,2016,1407,0
"984",48372,2015,1708,1
"985",47995,2015,1440,0
"986",43297,2015,961,0
"987",50750,2017,1304,0
"988",40194,2016,1687,1
"989",49938,2016,1482,1
"990",44138,2018,1687,0
"991",31349,2016,1127,1
"992",46197,2016,2222,0
"993",40890,2017,1347,1
"994",34365,2015,2165,1
"995",29580,2018,1357,1
"996",48981,2016,2211,1
"997",40455,2016,1917,1
"998",34742,2017,2528,1
"999",42514,2017,570,1
"1000",43152,2015,1621,1
"1001",35554,2017,1009,1
"1002",38193,2017,1240,1
"1003",30769,2018,436,1
"1004",32045,2018,1093,0
"1005",35177,2017,1249,1
"1006",41528,2015,1638,1
"1007",39672,2017,1741,1
"1008",38367,2015,1284,0
"1009",32045,2015,1124,0
"1010",55129,2016,2367,0
"1011",48575,2015,1460,0
"1012",34887,2015,1105,0
"1013",29754,2018,1490,1
"1014",44138,2015,1711,0
"1015",40832,2016,1371,0
"1016",30624,2016,2164,1
"1017",46893,2018,805,0
"1018",30392,2017,1512,0
"1019",39701,2016,1811,0
"1020",31030,2016,907,0
"1021",32103,2015,1591,0
"1022",29812,2017,892,0
"1023",35815,2018,391,0
"1024",31697,2015,2116,0
"1025",51098,2015,1058,1
"1026",37729,2016,435,0
"1027",39237,2018,1626,0
"1028",45907,2015,2211,1
"1029",55535,2015,2295,0
"1030",55709,2015,1559,0
"1031",33872,2018,1052,0
"1032",43674,2018,1318,1
"1033",50431,2017,455,0
"1034",41354,2018,1308,0
"1035",31291,2018,1535,1
"1036",50257,2017,1612,0
"1037",41731,2018,1141,1
"1038",36917,2018,1753,1
"1039",39266,2016,1365,0
"1040",53070,2017,1424,1
"1041",34539,2017,1368,1
"1042",45066,2018,1815,1
"1043",45037,2016,1577,1
"1044",51765,2015,400,1
"1045",55767,2018,905,1
"1046",42572,2017,996,0
"1047",30015,2015,549,0
"1048",44863,2017,1590,0
"1049",31842,2017,2480,0
"1050",41209,2017,2228,1
"1051",53302,2018,1656,0
"1052",43964,2015,1135,0
"1053",36424,2016,434,0
"1054",48778,2018,1773,0
"1055",31581,2018,779,0
"1056",45588,2018,1937,0
"1057",54955,2018,1617,1
"1058",35148,2016,1858,1
"1059",42166,2018,1410,1
"1060",34394,2015,2848,0
"1061",52374,2017,1729,0
"1062",47328,2015,1872,0
"1063",34133,2018,2033,0
"1064",32306,2018,1482,1
"1065",52229,2015,2386,1
"1066",56115,2016,1890,0
"1067",36308,2015,1251,0
"1068",42282,2016,1374,0
"1069",33321,2015,1168,0
"1070",31668,2016,1671,1
"1071",47096,2017,1641,0
"1072",29406,2018,159,1
"1073",52635,2017,1578,0
"1074",33118,2015,1171,0
"1075",39150,2018,1563,1
"1076",44892,2015,1533,0
"1077",44631,2015,1146,1
"1078",42688,2018,458,0
"1079",36279,2015,2064,0
"1080",30305,2018,1524,0
"1081",29638,2017,1690,0
"1082",53911,2016,1431,0
"1083",52461,2016,1983,1
"1084",33495,2018,497,0
"1085",55941,2016,1391,0
"1086",50083,2017,2287,1
"1087",44341,2016,2920,1
"1088",36279,2018,1120,0
"1089",47821,2015,1280,1
"1090",54897,2016,1935,0
"1091",42079,2016,895,1
"1092",40687,2016,2452,0
"1093",49764,2016,847,0
"1094",45733,2018,2485,0
"1095",41789,2017,1473,0
"1096",51533,2016,1913,0
"1097",44660,2015,2528,0
"1098",29841,2018,657,1
"1099",33466,2017,778,1
"1100",37671,2018,905,0
"1101",29580,2015,1753,1
"1102",52693,2018,1431,0
"1103",37004,2017,798,0
"1104",55361,2017,1604,1
"1105",42978,2017,1759,1
"1106",44544,2016,1140,0
"1107",38947,2017,1724,1
"1108",42021,2015,1015,1
"1109",41209,2018,2055,1
"1110",33872,2015,1578,0
"1111",47734,2018,1027,0
"1112",38976,2017,1815,0
"1113",35235,2017,1656,1
"1114",37149,2017,1728,0
"1115",41383,2018,605,0
"1116",49184,2017,638,1
"1117",39643,2016,1804,1
"1118",52606,2018,0,1
"1119",47241,2016,2572,1
"1120",32219,2018,373,1
"1121",35438,2015,2305,0
"1122",35061,2017,1584,1
"1123",50344,2018,765,0
"1124",34307,2016,1325,1
"1125",32103,2018,996,0
"1126",45501,2018,1587,1
"1127",33553,2018,920,1
"1128",50808,2015,2101,0
"1129",49938,2015,1324,1
"1130",45356,2017,1650,0
"1131",54027,2015,1823,1
"1132",48691,2015,779,0
"1133",48343,2016,915,1
"1134",46284,2015,1652,0
"1135",46023,2015,1344,1
"1136",33408,2015,1938,1
"1137",42804,2018,2163,0
"1138",39991,2018,185,0
"1139",32538,2018,1926,1
"1140",51707,2015,1648,0
"1141",52055,2017,1776,0
"1142",40948,2018,2038,0
"1143",48314,2016,2016,1
"1144",45675,2015,1708,0
"1145",44399,2018,684,0
"1146",44428,2017,1952,1
"1147",52403,2018,1677,1
"1148",49590,2015,1715,1
"1149",41151,2016,1229,0
"1150",40049,2017,1470,1
"1151",48111,2018,743,1
"1152",33321,2017,1093,0
"1153",42224,2017,1362,0
"1154",46661,2018,1341,1
"1155",38048,2015,906,0
"1156",55245,2016,2356,0
"1157",45414,2015,1495,0
"1158",31204,2018,1343,1
"1159",38512,2015,1940,0
"1160",36801,2018,934,1
"1161",41354,2015,1777,0
"1162",50605,2015,1376,1
"1163",49851,2015,2058,1
"1164",40397,2016,319,1
"1165",45849,2015,1002,0
"1166",49648,2018,1155,0
"1167",39904,2015,2094,0
"1168",32277,2016,1265,1
"1169",52200,2017,2340,1
"1170",40252,2017,1738,1
"1171",54694,2017,863,0
"1172",31900,2017,1743,0
"1173",37990,2017,1803,0
"1174",50344,2016,1113,0
"1175",39817,2018,0,1
"1176",45704,2015,2023,1
"1177",49706,2015,2261,0
"1178",31320,2017,2409,0
"1179",38048,2016,888,0
"1180",47183,2017,1666,0
"1181",49126,2015,1808,1
"1182",39382,2015,1014,1
"1183",48198,2016,1213,0
"1184",30392,2018,1617,0
"1185",47038,2018,2622,1
"1186",53099,2018,1715,1
"1187",38338,2017,1421,1
"1188",33669,2016,2569,1
"1189",37642,2018,2305,0
"1190",32451,2015,805,0
"1191",53099,2017,1709,1
"1192",48024,2017,2458,0
"1193",40513,2017,1213,0
"1194",31639,2015,1446,1
"1195",44109,2017,1214,1
"1196",38686,2018,1784,0
"1197",37381,2016,1111,1
"1198",50460,2015,1421,1
"1199",43442,2018,386,1
"1200",55738,2016,1687,1
"1201",41238,2018,871,1
"1202",39121,2017,1401,1
"1203",47473,2015,1231,1
"1204",37294,2015,1248,0
"1205",32886,2015,274,0
"1206",49967,2018,801,1
"1207",44776,2017,1104,1
"1208",44660,2017,2423,0
"1209",31175,2015,1025,1
"1210",45240,2017,1544,0
"1211",42195,2016,2070,0
"1212",55419,2018,1006,1
"1213",39614,2017,1311,1
"1214",48865,2016,2308,1
"1215",39498,2018,720,1
"1216",48546,2018,1324,1
"1217",44312,2017,2240,1
"1218",46023,2018,1342,1
"1219",31233,2016,1766,0
"1220",55535,2017,2440,0
"1221",34191,2018,1135,0
"1222",46951,2018,589,0
"1223",35032,2016,740,1
"1224",38744,2016,889,1
"1225",45675,2016,1989,0
"1226",40426,2018,1900,0
"1227",42543,2017,1191,0
"1228",33350,2018,2529,0
"1229",49039,2017,862,0
"1230",42920,2016,1574,1
"1231",34452,2015,115,1
"1232",55419,2015,1261,1
"1233",42659,2015,1374,1
"1234",54984,2016,1738,1
"1235",35699,2018,1389,0
"1236",49561,2015,318,1
"1237",33263,2018,1913,0
"1238",41673,2017,1822,0
"1239",37323,2018,1412,0
"1240",32190,2015,2588,1
"1241",48053,2017,1826,1
"1242",45327,2016,1106,1
"1243",47821,2016,1174,1
"1244",42862,2015,2050,0
"1245",30450,2017,599,1
"1246",53360,2017,2361,1
"1247",35554,2018,1127,1
"1248",37468,2017,1183,0
"1249",40948,2016,1783,0
"1250",29203,2018,1144,0
"1251",29841,2015,1667,1
"1252",47531,2017,860,1
"1253",51127,2018,166,1
"1254",32132,2015,2058,0
"1255",33060,2017,1063,1
"1256",50431,2018,217,0
"1257",35438,2016,2576,0
"1258",54607,2018,1885,1
"1259",47734,2016,1140,0
"1260",42485,2016,2671,1
"1261",53882,2015,1762,0
"1262",51591,2015,1909,1
"1263",37294,2017,1167,0
"1264",48314,2018,1869,1
"1265",50083,2016,2096,1
"1266",33031,2018,2940,0
"1267",33872,2017,1014,0
"1268",53853,2017,382,1
"1269",34278,2017,1653,0
"1270",37526,2017,1173,1
"1271",38918,2015,2299,0
"1272",45704,2017,1282,1
"1273",43732,2016,900,0
"1274",35467,2015,478,1
"1275",52055,2015,1651,0
"1276",33611,2017,2125,0
"1277",32857,2015,2614,0
"1278",42862,2018,1789,0
"1279",48169,2018,1200,1
"1280",36830,2017,633,1
"1281",37439,2015,1993,0
"1282",53012,2017,1499,0
"1283",39440,2018,1362,0
"1284",42688,2017,673,0
"1285",45646,2017,1527,1
"1286",39208,2017,1533,0
"1287",39846,2016,812,1
"1288",51475,2016,1390,0
"1289",53824,2018,1365,1
"1290",53534,2018,773,1
"1291",32045,2016,1046,0
"1292",31552,2018,1376,0
"1293",45472,2016,960,0
"1294",55854,2015,2123,1
"1295",37062,2018,2119,1
"1296",35612,2016,1650,1
"1297",32016,2015,2094,1
"1298",39527,2016,1971,1
"1299",48314,2017,1978,1
"1300",43558,2015,1694,0
"1301",45240,2018,877,0
"1302",40600,2017,1476,0
"1303",51823,2018,935,0
"1304",48198,2018,1209,0
"1305",42340,2015,1092,1
"1306",54694,2018,1052,0
"1307",32770,2016,1358,0
"1308",39469,2016,1021,1
"1309",52432,2018,1243,1
"1310",41006,2015,1215,0
"1311",29812,2018,925,0
"1312",55651,2017,1550,1
"1313",54578,2015,742,1
"1314",41702,2017,2279,0
"1315",49387,2017,1945,0
"1316",33640,2018,2992,0
"1317",34249,2018,1418,1
"1318",37178,2017,952,0
"1319",52838,2018,434,1
"1320",55506,2015,1908,0
"1321",41383,2016,391,0
"1322",36018,2018,1283,0
"1323",29087,2016,1352,1
"1324",36975,2015,1870,0
"1325",51214,2018,2496,1
"1326",46777,2015,1532,1
"1327",38396,2016,2408,0
"1328",41934,2015,956,1
"1329",36076,2017,1433,1
"1330",43964,2016,1032,0
"1331",31262,2015,1865,1
"1332",37613,2015,2015,1
"1333",35119,2018,2084,1
"1334",37961,2017,2456,1
"1335",40049,2018,1542,1
"1336",43877,2018,2051,1
"1337",53766,2018,1581,0
"1338",52171,2017,1366,0
"1339",48836,2015,1984,0
"1340",49996,2018,1218,0
"1341",39643,2017,2156,1
"1342",34945,2016,1460,1
"1343",47125,2017,2078,1
"1344",37584,2017,1461,1
"1345",53447,2017,1423,1
"1346",38715,2015,341,0
"1347",54549,2016,659,0
"1348",49909,2016,1190,0
"1349",46023,2017,1588,1
"1350",42456,2016,1053,0
"1351",42833,2018,1462,0
"1352",45936,2015,1290,0
"1353",53737,2015,1651,1
"1354",37990,2015,1012,0
"1355",41209,2016,1959,1
"1356",54027,2018,1481,1
"1357",33640,2015,3287,0
"1358",41615,2018,1730,1
"1359",37236,2015,1212,1
"1360",32451,2018,332,0
"1361",45037,2018,1487,1
"1362",51997,2017,1889,1
"1363",45704,2018,1152,1
"1364",47270,2017,1205,0
"1365",50489,2018,1142,1
"1366",36801,2016,1573,1
"1367",43790,2015,1938,1
"1368",43413,2018,170,1
"1369",48227,2015,1147,0
"1370",48749,2016,1263,0
"1371",39353,2018,1212,1
"1372",37004,2015,1026,0
"1373",33872,2016,1275,0
"1374",33901,2018,143,1
"1375",34249,2015,2146,1
"1376",52548,2015,1122,0
"1377",46139,2015,1070,1
"1378",31436,2018,659,0
"1379",37410,2018,808,0
"1380",40223,2015,1761,0
"1381",55883,2016,1420,0
"1382",54346,2015,853,0
"1383",32364,2018,1220,1
"1384",50112,2015,1384,1
"1385",39527,2018,2102,1
"1386",47415,2015,1159,0
"1387",41557,2017,1589,1
"1388",38251,2016,1441,0
"1389",44689,2016,2224,0
"1390",54143,2017,1179,1
"1391",51794,2018,486,0
"1392",47415,2016,1500,0
"1393",42137,2015,1698,0
"1394",51301,2016,662,0
"1395",49503,2018,2462,1
"1396",29493,2017,1058,1
"1397",38686,2017,1661,0
"1398",52055,2016,1662,0
"1399",51765,2016,54,1
"1400",53012,2018,845,0
"1401",36047,2018,1581,1
"1402",49068,2016,1938,1
"1403",34713,2017,1248,0
"1404",50228,2016,1913,1
"1405",43877,2015,1552,1
"1406",40020,2015,2147,1
"1407",33466,2018,692,1
"1408",35003,2016,1625,0
"1409",55593,2015,1815,0
"1410",46458,2015,1282,1
"1411",48285,2017,1501,1
"1412",32799,2017,1371,1
"1413",29406,2017,478,1
"1414",38831,2018,862,0
"1415",49126,2016,1899,1
"1416",29058,2017,1794,0
"1417",50692,2015,1581,1
"1418",53592,2017,1634,0
"1419",37091,2016,697,1
"1420",38599,2016,2258,1
"1421",54549,2018,585,0
"1422",47357,2017,735,1
"1423",44457,2017,1524,0
"1424",49909,2017,1206,0
"1425",44225,2016,974,1
"1426",40832,2015,2079,0
"1427",49648,2015,1165,0
"1428",31059,2018,2014,1
"1429",47966,2015,2045,0
"1430",40600,2015,1982,0
"1431",48517,2015,1209,1
"1432",42833,2016,1481,0
"1433",34713,2015,1880,0
"1434",39005,2018,481,1
"1435",36917,2015,1763,1
"1436",44718,2017,677,1
"1437",52664,2018,315,0
"1438",31929,2018,1094,1
"1439",34684,2016,1274,1
"1440",32625,2015,1881,0
"1441",43674,2015,1179,1
"1442",29754,2017,1714,1
"1443",43094,2016,1706,0
"1444",39585,2018,2455,0
"1445",44283,2017,1712,0
"1446",42050,2017,1324,0
"1447",43587,2018,414,1
"1448",35670,2018,1224,0
"1449",39933,2018,1505,0
"1450",38831,2015,2032,0
"1451",31001,2016,1420,1
"1452",46226,2018,851,0
"1453",54172,2018,2210,0
"1454",38019,2017,1661,0
"1455",47125,2016,2438,1
"1456",43877,2017,1867,1
"1457",48256,2017,1052,1
"1458",45298,2017,766,0
"1459",48836,2016,1587,0
"1460",44196,2018,1036,1
"1461",31929,2016,2016,1
"1462",34191,2016,1081,0
"1463",40020,2017,1945,1
"1464",55013,2018,1936,1
"1465",34307,2017,1825,1
"1466",42746,2016,2303,1
"1467",49155,2016,1567,1
"1468",46168,2017,1433,1
"1469",29000,2015,2186,0
"1470",35728,2015,1573,0
"1471",29174,2018,2286,1
"1472",38222,2017,1990,1
"1473",30508,2016,0,0
"1474",54607,2015,1285,1
"1475",44979,2018,2209,0
"1476",36366,2016,2141,0
"1477",48894,2016,1137,1
"1478",48227,2018,788,0
"1479",45298,2016,787,0
"1480",36946,2015,2202,0
"1481",33495,2016,738,0
"1482",39643,2015,1728,1
"1483",45211,2015,616,1
"1484",48633,2018,2233,1
"1485",32074,2015,877,1
"1486",31001,2017,1067,1
"1487",53215,2015,1691,0
"1488",46980,2015,752,1
"1489",29551,2015,1219,0
"1490",38889,2018,1728,1
"1491",34771,2015,1220,0
"1492",55796,2017,1704,1
"1493",54839,2018,1792,0
"1494",52229,2017,2051,1
"1495",43268,2016,1348,0
"1496",29754,2015,1732,1
"1497",52229,2018,1558,1
"1498",32741,2015,1959,0
"1499",45907,2018,1463,1
"1500",43993,2016,1535,0
"1501",49648,2016,1257,0
"1502",44950,2016,1900,1
"1503",41818,2017,1750,0
"1504",32625,2016,2146,0
"1505",55477,2016,904,1
"1506",34568,2017,2025,0
"1507",49880,2017,2334,1
"1508",46342,2016,2016,0
"1509",55709,2018,276,0
"1510",29957,2015,595,1
"1511",42601,2017,330,0
"1512",54897,2018,1862,0
"1513",30827,2018,1480,1
"1514",35844,2017,1042,1
"1515",36424,2015,504,0
"1516",47618,2018,1492,1
"1517",35583,2017,1061,1
"1518",30856,2017,1174,1
"1519",49242,2015,739,1
"1520",39034,2016,861,0
"1521",42688,2016,914,0
"1522",36714,2015,1948,0
"1523",41731,2016,1213,1
"1524",47502,2015,1569,1
"1525",43906,2015,1064,0
"1526",32654,2016,2035,1
"1527",53041,2017,895,0
"1528",51533,2018,2480,0
"1529",54230,2018,1962,1
"1530",30276,2018,1048,0
"1531",45530,2018,2690,1
"1532",43442,2016,818,1
"1533",38483,2017,1656,1
"1534",49590,2017,1329,1
"1535",33060,2016,1110,1
"1536",54085,2015,928,1
"1537",48691,2017,564,0
"1538",54723,2018,2606,0
"1539",49996,2016,1552,0
"1540",55535,2016,2186,0
"1541",32248,2016,2040,0
"1542",47183,2018,1843,0
"1543",47299,2015,813,1
"1544",53563,2017,2756,1
"1545",56144,2016,839,1
"1546",34684,2017,1502,1
"1547",37207,2016,2266,0
"1548",43993,2015,1523,0
"1549",52316,2018,771,0
"1550",30943,2015,2579,0
"1551",40223,2016,1552,0
"1552",30885,2015,2056,0
"1553",55709,2017,581,0
"1554",46748,2015,1545,0
"1555",41180,2018,654,1
"1556",32074,2016,613,1
"1557",29290,2015,1877,1
"1558",49996,2015,1377,0
"1559",29203,2017,731,0
"1560",36714,2016,2077,0
"1561",39556,2016,2218,1
"1562",31871,2017,1476,0
"1563",52809,2018,1036,1
"1564",42601,2015,1217,0
"1565",55013,2016,1902,1
"1566",33814,2015,2106,1
"1567",45240,2015,1785,0
"1568",36743,2016,651,0
"1569",51968,2017,1641,0
"1570",37265,2016,1354,1
"1571",47589,2017,1420,1
"1572",48952,2017,1437,0
"1573",40310,2015,1613,0
"1574",43906,2018,331,0
"1575",50025,2018,1690,1
"1576",54404,2016,2183,1
"1577",51852,2017,320,1
"1578",34829,2015,1056,1
"1579",35206,2017,458,1
"1580",55564,2018,635,1
"1581",51185,2015,2081,0
"1582",48923,2018,1478,1
"1583",49213,2015,2174,0
"1584",39701,2015,1544,0
"1585",36221,2018,1559,1
"1586",46922,2018,1806,0
"1587",34075,2017,768,0
"1588",51649,2016,2185,1
"1589",37932,2018,1518,0
"1590",29493,2018,606,1
"1591",38976,2018,1930,0
"1592",32248,2017,2066,0
"1593",39672,2016,1464,1
"1594",33524,2017,1206,1
"1595",44660,2018,2421,0
"1596",47328,2017,1896,0
"1597",53476,2018,2618,0
"1598",53447,2018,1163,1
"1599",30218,2017,1529,0
"1600",29986,2015,2361,0
"1601",42775,2016,1473,0
"1602",29899,2015,1738,1
"1603",55825,2015,2176,1
"1604",53563,2015,2184,1
"1605",47038,2017,2786,1
"1606",37961,2016,2311,1
"1607",47096,2016,1721,0
"1608",37410,2016,1245,0
"1609",46835,2017,2044,0
"1610",32915,2015,1707,0
"1611",36047,2016,2110,1
"1612",47531,2018,784,1
"1613",29435,2018,1841,0
"1614",40194,2017,1614,1
"1615",55158,2015,547,0
"1616",36859,2015,1535,1
"1617",52722,2015,1756,0
"1618",33205,2016,1442,0
"1619",34394,2018,2185,0
"1620",38222,2016,2046,1
"1621",32712,2015,533,0
"1622",36250,2015,2731,0
"1623",53302,2015,1780,0
"1624",30537,2015,600,0
"1625",31378,2018,1381,1
"1626",32857,2017,2422,0
"1627",35931,2018,1557,0
"1628",34046,2017,1739,0
"1629",43529,2016,1124,0
"1630",38077,2018,1937,0
"1631",46632,2018,691,0
"1632",29899,2018,1584,1
"1633",40484,2018,723,1
"1634",51823,2016,1317,0
"1635",31030,2018,905,0
"1636",46081,2016,1371,1
"1637",34336,2016,735,1
"1638",41702,2016,2425,0
"1639",36598,2016,2464,0
"1640",45211,2018,0,1
"1641",50112,2018,1594,1
"1642",54984,2018,1015,1
"1643",43239,2018,673,1
"1644",35148,2015,2023,1
"1645",54433,2016,903,1
"1646",31929,2015,1694,1
"1647",39092,2016,575,0
"1648",33843,2018,1841,0
"1649",37207,2017,2734,0
"1650",43210,2016,1700,1
"1651",51388,2015,740,1
"1652",31900,2018,1437,0
"1653",45443,2018,533,1
"1654",42108,2016,1869,1
"1655",51562,2015,881,1
"1656",52635,2018,1418,0
"1657",34916,2015,1572,1
"1658",30682,2015,913,1
"1659",45153,2016,1372,1
"1660",55970,2017,1830,0
"1661",29348,2018,2706,1
"1662",54259,2015,1814,1
"1663",46922,2017,1260,0
"1664",35844,2015,1439,1
"1665",55332,2018,2209,0
"1666",44051,2015,1946,0
"1667",37410,2015,1099,0
"1668",49880,2015,1954,1
"1669",45153,2018,988,1
"1670",49735,2018,1535,1
"1671",37671,2015,889,0
"1672",32132,2018,1188,0
"1673",45356,2018,1328,0
"1674",31117,2015,1852,1
"1675",40629,2015,173,1
"1676",54172,2017,2109,0
"1677",55680,2016,1400,0
"1678",54752,2015,1525,0
"1679",33611,2018,1958,0
"1680",34220,2018,1191,1
"1681",46371,2017,1719,0
"1682",43558,2016,1708,0
"1683",51359,2018,1411,1
"1684",30421,2017,1233,0
"1685",31726,2018,81,0
"1686",33437,2018,1760,1
"1687",54752,2016,1368,0
"1688",29493,2015,1142,1
"1689",32625,2017,1911,0
"1690",47966,2017,1592,0
"1691",42311,2016,1479,0
"1692",41093,2018,987,0
"1693",55651,2015,1243,1
"1694",49793,2018,1789,0
"1695",48662,2017,929,1
"1696",34539,2016,1172,1
"1697",39498,2015,1303,1
"1698",31610,2015,1055,0
"1699",43123,2016,872,1
"1700",47328,2016,2064,0
"1701",41412,2018,1622,0
"1702",41876,2018,2173,1
"1703",42949,2017,1251,0
"1704",50315,2018,1327,1
"1705",36337,2015,1639,1
"1706",48053,2016,2080,1
"1707",50721,2015,1917,0
"1708",29551,2016,1445,0
"1709",30218,2018,1872,0
"1710",41934,2018,842,1
"1711",53737,2018,1564,1
"1712",41876,2016,2241,1
"1713",44022,2015,839,1
"1714",52200,2016,1850,1
"1715",33582,2015,1548,1
"1716",52316,2017,784,0
"1717",34452,2018,0,1
"1718",42224,2018,1171,0
"1719",34655,2015,2304,0
"1720",43529,2017,1168,0
"1721",54375,2018,966,1
"1722",50025,2016,2312,1
"1723",30595,2015,815,0
"1724",29696,2016,961,1
"1725",50199,2017,780,1
"1726",35641,2016,1436,1
"1727",55129,2018,2692,0
"1728",31262,2017,1455,1
"1729",50489,2015,1714,1
"1730",43210,2018,1137,1
"1731",29841,2017,1606,1
"1732",52751,2018,3183,1
"1733",33930,2017,1715,1
"1734",44921,2018,280,1
"1735",52635,2015,1489,0
"1736",31813,2016,1133,1
"1737",45820,2015,1568,0
"1738",46748,2017,1104,0
"1739",48343,2015,1286,1
"1740",36308,2016,1271,0
"1741",30131,2015,1581,1
"1742",36569,2017,3428,1
"1743",32915,2018,1853,0
"1744",44225,2018,742,1
"1745",29957,2016,347,1
"1746",31378,2017,1378,1
"1747",35003,2018,1570,0
"1748",53940,2016,286,1
"1749",44979,2015,2004,0
"1750",31436,2015,861,0
"1751",47241,2017,2527,1
"1752",56144,2017,827,1
"1753",30972,2018,0,1
"1754",37468,2015,1493,0
"1755",38715,2017,294,0
"1756",49416,2016,2074,0
"1757",48430,2015,1614,0
"1758",31233,2015,1959,0
"1759",37642,2016,1994,0
"1760",46371,2015,1951,0
"1761",44341,2017,3118,1
"1762",44863,2015,1675,0
"1763",52896,2017,1236,0
"1764",47386,2016,1775,0
"1765",35409,2018,1686,0
"1766",52722,2017,1851,0
"1767",37787,2017,1201,1
"1768",39179,2016,2272,0
"1769",37758,2015,1433,1
"1770",38251,2017,1230,0
"1771",39005,2017,590,1
"1772",40745,2015,1250,1
"1773",43471,2017,2231,0
"1774",50083,2015,1899,1
"1775",32306,2015,1342,1
"1776",40165,2015,2817,1
"1777",45762,2015,2213,0
"1778",41296,2015,1977,0
"1779",34365,2016,2232,1
"1780",38599,2015,2185,1
"1781",48082,2016,1014,0
"1782",40455,2015,1978,1
"1783",39411,2017,1663,0
"1784",30479,2018,1425,0
"1785",42746,2017,2239,1
"1786",51504,2015,2022,1
"1787",43935,2018,1124,0
"1788",38599,2017,2958,1
"1789",38454,2018,2231,0
"1790",49677,2015,2165,0
"1791",55680,2015,1463,0
"1792",47705,2016,1913,0
"1793",38106,2016,1012,1
"1794",42224,2016,1506,0
"1795",37700,2015,1561,1
"1796",47676,2016,1030,0
"1797",53128,2017,1321,1
"1798",34191,2015,1678,0
"1799",34626,2016,2336,1
"1800",52954,2016,1429,1
"1801",33379,2017,2329,1
"1802",46922,2015,1981,0
"1803",29638,2015,2179,0
"1804",44370,2015,1398,0
"1805",52693,2017,1704,0
"1806",36946,2018,1537,0
"1807",50866,2017,1695,0
"1808",35902,2016,1156,0
"1809",54636,2016,1990,1
"1810",46429,2017,1071,0
"1811",32828,2015,2384,0
"1812",35612,2015,1921,1
"1813",45994,2015,1838,1
"1814",38947,2016,1834,1
"1815",53476,2015,2424,0
"1816",41180,2015,1162,1
"1817",47966,2018,1482,0
"1818",52519,2015,1829,0
"1819",34133,2017,1881,0
"1820",38918,2018,3233,0
"1821",35177,2016,1361,1
"1822",33727,2017,1636,0
"1823",50315,2015,1509,1
"1824",31436,2016,598,0
"1825",53070,2015,1345,1
"1826",34220,2016,1707,1
"1827",56028,2018,2159,1
"1828",34336,2017,528,1
"1829",30015,2017,171,0
"1830",52374,2015,2027,0
"1831",31842,2018,2529,0
"1832",37816,2016,2183,1
"1833",44979,2017,2078,0
"1834",45182,2015,2281,0
"1835",32335,2016,1421,1
"1836",33988,2015,1847,0
"1837",32422,2017,2228,0
"1838",50257,2018,866,0
"1839",44950,2017,1701,1
"1840",33814,2017,2037,1
"1841",30566,2016,278,0
"1842",44602,2015,1316,0
"1843",42775,2015,1597,0
"1844",31871,2016,1567,0
"1845",49619,2017,1416,1
"1846",54868,2015,2593,0
"1847",41499,2015,1851,1
"1848",37178,2018,656,0
"1849",31668,2017,1218,1
"1850",33379,2016,2031,1
"1851",33379,2018,2007,1
"1852",48575,2017,1004,0
"1853",49097,2017,2126,1
"1854",39788,2017,2257,0
"1855",29783,2015,1804,0
"1856",29493,2016,1514,1
"1857",55477,2015,1239,1
"1858",45936,2016,1903,0
"1859",47647,2015,2123,0
"1860",41673,2016,2136,0
"1861",36366,2015,2499,0
"1862",29203,2016,852,0
"1863",31378,2015,1429,1
"1864",33176,2017,1585,0
"1865",41035,2017,1028,1
"1866",41238,2015,2100,1
"1867",38570,2017,2037,0
"1868",34974,2015,2288,1
"1869",48546,2016,1127,1
"1870",31523,2018,1145,0
"1871",43152,2016,1750,1
"1872",48140,2015,1672,1
"1873",36656,2016,1669,0
"1874",37149,2015,1656,0
"1875",32219,2016,750,1
"1876",50170,2016,915,1
"1877",31987,2018,1694,1
"1878",48807,2016,2057,0
"1879",45124,2016,898,1
"1880",41934,2016,876,1
"1881",41557,2018,1615,1
"1882",35641,2015,1093,1
"1883",54346,2018,0,0
"1884",29580,2017,1485,1
"1885",35177,2015,1357,1
"1886",38135,2016,2070,0
"1887",30537,2016,597,0
"1888",33379,2015,1885,1
"1889",31929,2017,1672,1
"1890",51040,2016,1081,1
"1891",36569,2018,3125,1
"1892",54056,2016,1049,0
"1893",53621,2016,2088,0
"1894",44515,2017,1319,0
"1895",32016,2016,1821,1
"1896",31610,2017,990,0
"1897",39730,2018,1132,1
"1898",54462,2016,1110,0
"1899",36018,2015,1499,0
"1900",53128,2016,1507,1
"1901",36859,2018,1144,1
"1902",47212,2016,1452,1
"1903",46603,2018,1416,0
"1904",46110,2018,222,1
"1905",33553,2015,1252,1
"1906",53592,2016,1616,0
"1907",53157,2018,1351,1
"1908",47241,2015,2577,1
"1909",32567,2015,1443,1
"1910",53940,2015,435,1
"1911",55013,2015,2059,1
"1912",53998,2016,766,1
"1913",29087,2018,1237,1
"1914",48372,2018,1642,1
"1915",29261,2017,1189,1
"1916",42775,2018,2032,0
"1917",29435,2016,1762,0
"1918",33234,2016,849,1
"1919",48952,2015,448,0
"1920",33756,2018,763,1
"1921",31726,2016,0,0
"1922",53070,2018,1114,1
"1923",35786,2017,578,0
"1924",49155,2018,1641,1
"1925",46052,2015,1329,1
"1926",37381,2018,586,1
"1927",36656,2015,1578,0
"1928",44167,2015,1327,1
"1929",33843,2017,2139,0
"1930",35119,2017,2312,1
"1931",31639,2018,1285,1
"1932",47183,2015,1693,0
"1933",49010,2016,1483,0
"1934",53418,2016,1230,1
"1935",51359,2016,1387,1
"1936",34539,2015,1147,1
"1937",47154,2018,1051,0
"1938",53128,2018,1248,1
"1939",34858,2016,1280,0
"1940",30769,2015,986,1
"1941",33756,2016,1082,1
"1942",44283,2018,1941,0
"1943",46342,2018,2095,0
"1944",45646,2018,1359,1
"1945",53244,2015,1737,1
"1946",47473,2018,1060,1
"1947",43007,2018,0,0
"1948",40020,2016,2162,1
"1949",54781,2018,1471,0
"1950",44312,2015,1949,1
"1951",42050,2018,1418,0
"1952",48169,2017,1601,1
"1953",46313,2016,1923,0
"1954",45791,2016,612,1
"1955",31146,2017,379,1
"1956",55825,2016,2108,1
"1957",53998,2017,389,1
"1958",35699,2016,1620,0
"1959",37642,2015,2102,0
"1960",43181,2018,671,1
"1961",35670,2016,1259,0
"1962",41325,2017,1092,1
"1963",51910,2016,2522,0
"1964",40455,2017,1600,1
"1965",39730,2017,1136,1
"1966",46400,2018,967,1
"1967",31639,2016,1614,1
"1968",36424,2017,370,0
"1969",33234,2017,808,1
"1970",52809,2015,1640,1
"1971",45443,2017,1238,1
"1972",45849,2016,1008,0
"1973",49126,2017,2064,1
"1974",55912,2018,879,0
"1975",44486,2018,1623,0
"1976",38773,2018,181,0
"1977",37468,2016,1400,0
"1978",36743,2015,796,0
"1979",51011,2017,1636,1
"1980",47357,2015,734,1
"1981",42920,2017,1636,1
"1982",44631,2018,1522,1
"1983",39034,2017,678,0
"1984",43500,2015,1536,0
"1985",47589,2018,1025,1
"1986",47038,2015,2584,1
"1987",54926,2018,976,1
"1988",37120,2016,1357,0
"1989",29609,2015,1957,0
"1990",47154,2016,1618,0
"1991",43297,2016,915,0
"1992",40397,2017,0,1
"1993",52925,2018,2096,0
"1994",45066,2016,1980,1
"1995",53447,2016,1813,1
"1996",44573,2017,1527,1
"1997",44254,2016,1730,0
"1998",41528,2016,1747,1
"1999",49300,2017,1300,1
"2000",48836,2018,1530,0
"2001",46226,2015,1362,0
"2002",37149,2018,1668,0
"2003",42601,2018,0,0
"2004",40658,2017,2007,0
"2005",50286,2015,1792,1
"2006",40687,2017,2616,0
"2007",52374,2016,1875,0
"2008",45124,2015,961,1
"2009",32596,2017,1074,1
"2010",34104,2017,1883,1
"2011",30247,2015,1561,0
"2012",55883,2017,1213,0
"2013",42485,2018,2303,1
"2014",29116,2015,1005,0
"2015",51011,2015,1796,1
"2016",48517,2016,657,1
"2017",38280,2016,1224,1
"2018",29145,2018,744,1
"2019",39962,2016,1422,0
"2020",42282,2015,1445,0
"2021",51881,2018,1229,1
"2022",36540,2015,2131,1
"2023",38657,2018,1295,0
"2024",30914,2018,0,1
"2025",48111,2017,1397,1
"2026",37758,2017,995,1
"2027",37845,2018,789,1
"2028",33176,2016,1674,0
"2029",49706,2018,2109,0
"2030",38019,2018,1675,0
"2031",40861,2015,1827,1
"2032",55303,2018,1868,1
"2033",47792,2018,1394,1
"2034",54433,2017,540,1
"2035",41093,2015,1345,0
"2036",49126,2018,2567,1
"2037",51330,2015,1757,0
"2038",39121,2016,1916,1
"2039",54172,2016,2272,0
"2040",43239,2016,798,1
"2041",42833,2015,1723,0
"2042",37207,2018,2725,0
"2043",50837,2015,1162,0
"2044",45298,2018,910,0
"2045",55332,2017,2134,0
"2046",37700,2018,1372,1
"2047",44776,2018,831,1
"2048",33785,2018,737,1
"2049",48807,2017,1873,0
"2050",47879,2017,1130,0
"2051",49097,2018,1857,1
"2052",33437,2015,1752,1
"2053",52577,2018,1350,0
"2054",42456,2018,798,0
"2055",48517,2018,0,1
"2056",49242,2018,1007,1
"2057",51591,2018,2260,1
"2058",52693,2016,1652,0
"2059",55796,2015,1765,1
"2060",51562,2016,915,1
"2061",46313,2017,2254,0
"2062",53679,2018,964,0
"2063",31204,2017,1671,1
"2064",41267,2016,777,1
"2065",51475,2015,1541,0
"2066",51446,2016,1950,1
"2067",48691,2018,337,0
"2068",48140,2016,1266,1
"2069",46806,2016,609,0
"2070",45008,2016,1143,1
"2071",53911,2015,1895,0
"2072",48198,2017,1183,0
"2073",35525,2016,1574,0
"2074",54752,2017,1363,0
"2075",36105,2018,833,1
"2076",39498,2017,983,1
"2077",48430,2018,1230,0
"2078",36685,2016,550,1
"2079",54114,2018,988,1
"2080",48691,2016,587,0
"2081",42311,2018,905,0
"2082",54839,2015,1939,0
"2083",47009,2018,1587,0
"2084",53418,2018,1415,1
"2085",45501,2016,1891,1
"2086",40948,2015,1580,0
"2087",42804,2015,1305,0
"2088",48372,2017,1611,1
"2089",54868,2017,2213,0
"2090",37381,2015,740,1
"2091",29232,2015,1300,0
"2092",32683,2016,900,1
"2093",41615,2017,1747,1
"2094",53157,2016,1619,1
"2095",48778,2016,1904,0
"2096",48923,2016,1417,1
"2097",40861,2017,1596,1
"2098",45327,2015,1130,1
"2099",38048,2018,1044,0
"2100",54462,2015,1221,0
"2101",49474,2017,1571,1
"2102",49909,2015,1175,0
"2103",53505,2015,833,0
"2104",47850,2015,1327,0
"2105",42079,2017,570,1
"2106",36221,2015,1563,1
"2107",41470,2015,436,1
"2108",30972,2016,688,1
"2109",43703,2018,1196,0
"2110",55187,2017,690,0
"2111",53882,2017,1407,0
"2112",40165,2017,2608,1
"2113",55999,2015,1753,1
"2114",35148,2017,2223,1
"2115",51649,2018,2265,1
"2116",44283,2016,1669,0
"2117",36453,2016,1343,1
"2118",37410,2017,1006,0
"2119",37207,2015,2409,0
"2120",41267,2015,773,1
"2121",47763,2018,994,0
"2122",33437,2016,1898,1
"2123",31465,2015,932,1
"2124",38773,2015,642,0
"2125",34974,2017,1214,1
"2126",36221,2017,1899,1
"2127",42688,2015,1019,0
"2128",34278,2015,2057,0
"2129",50547,2018,1090,1
"2130",42978,2015,1547,1
"2131",53795,2018,1540,0
"2132",29174,2017,2537,1
"2133",38367,2016,1057,0
"2134",31813,2017,1190,1
"2135",47270,2015,1551,0
"2136",34133,2016,1889,0
"2137",30073,2017,2017,1
"2138",52432,2016,1561,1
"2139",50663,2015,2591,0
"2140",42891,2016,1192,1
"2141",43674,2016,976,1
"2142",39556,2015,2453,1
"2143",54665,2015,1812,0
"2144",50344,2015,973,0
"2145",40339,2015,1719,0
"2146",56028,2015,2458,1
"2147",40571,2015,1808,0
"2148",54578,2017,536,1
"2149",45008,2017,1098,1
"2150",50808,2018,2658,0
"2151",29870,2015,1946,0
"2152",50982,2016,1179,1
"2153",41702,2018,2443,0
"2154",31755,2017,957,0
"2155",38338,2015,1676,1
"2156",45095,2016,954,0
"2157",38135,2017,1796,0
"2158",45269,2017,1415,0
"2159",55332,2016,2207,0
"2160",34336,2018,288,1
"2161",30595,2017,1088,0
"2162",41035,2016,1186,1
"2163",40194,2015,1534,1
"2164",36134,2015,2188,1
"2165",44022,2017,457,1
"2166",46835,2015,1671,0
"2167",47183,2016,1544,0
"2168",54288,2018,0,1
"2169",36801,2015,1329,1
"2170",33263,2015,2103,0
"2171",30740,2016,1596,0
"2172",56086,2015,1060,1
"2173",35380,2015,1671,0
"2174",30044,2016,694,1
"2175",32422,2016,1938,0
"2176",29725,2016,1641,0
"2177",47589,2015,1282,1
"2178",49329,2015,1652,0
"2179",35960,2016,2179,1
"2180",50895,2016,1857,0
"2181",35931,2015,1275,0
"2182",45646,2015,2100,1
"2183",49909,2018,941,0
"2184",50460,2017,1235,1
"2185",41296,2016,2165,0
"2186",33611,2016,2213,0
"2187",49445,2017,1808,0
"2188",34075,2015,1103,0
"2189",53534,2015,1199,1
"2190",55883,2018,891,0
"2191",38860,2016,1998,0
"2192",54665,2017,1339,0
"2193",32567,2017,1305,1
"2194",51185,2016,1768,0
"2195",34423,2015,1361,0
"2196",52925,2017,2391,0
"2197",30479,2016,1443,0
"2198",55506,2016,1850,0
"2199",49010,2017,1591,0
"2200",45849,2017,675,0
"2201",41412,2017,1777,0
"2202",35061,2016,1688,1
"2203",44718,2015,853,1
"2204",33350,2017,2326,0
"2205",41325,2016,895,1
"2206",53534,2017,1385,1
"2207",33640,2017,3032,0
"2208",34597,2016,2102,0
"2209",46951,2016,665,0
"2210",45298,2015,1324,0
"2211",54288,2015,598,1
"2212",55216,2016,1658,1
"2213",31958,2016,1808,1
"2214",55129,2017,2857,0
"2215",52142,2017,1942,0
"2216",39324,2015,908,1
"2217",39875,2017,1773,0
"2218",52896,2015,1259,0
"2219",38164,2015,676,1
"2220",41238,2016,2093,1
"2221",41905,2017,1203,1
"2222",44486,2015,2028,0
"2223",30015,2016,360,0
"2224",53911,2017,1289,0
"2225",30334,2017,1513,1
"2226",33350,2015,2323,0
"2227",54520,2018,1407,1
"2228",37903,2017,2041,0
"2229",47821,2017,1123,1
"2230",53563,2018,2729,1
"2231",48459,2015,879,0
"2232",48546,2015,1285,1
"2233",43181,2016,832,1
"2234",41789,2015,1417,0
"2235",37352,2017,1546,1
"2236",35090,2017,2020,1
"2237",44921,2015,1039,1
"2238",55912,2017,232,0
"2239",54433,2015,1055,1
"2240",33176,2018,1134,0
"2241",53650,2017,1952,1
"2242",37584,2015,1590,1
"2243",29116,2018,1125,0
"2244",43935,2017,1364,0
"2245",53853,2015,713,1
"2246",48981,2018,1608,1
"2247",55274,2018,1283,0
"2248",48865,2015,2207,1
"2249",29522,2018,1386,1
"2250",53534,2016,1118,1
"2251",34916,2017,652,1
"2252",42717,2017,1357,0
"2253",34220,2017,1467,1
"2254",50228,2017,1426,1
"2255",39933,2015,2096,0
"2256",41296,2017,2456,0
"2257",55767,2015,1366,1
"2258",33814,2016,2097,1
"2259",32654,2015,1955,1
"2260",38135,2015,2415,0
"2261",36801,2017,1080,1
"2262",40049,2015,2114,1
"2263",34510,2017,1612,1
"2264",35873,2017,2416,0
"2265",35090,2016,2347,1
"2266",37671,2017,1069,0
"2267",32364,2016,1095,1
"2268",37091,2015,738,1
"2269",38425,2018,1268,0
"2270",37671,2016,1063,0
"2271",38222,2018,1363,1
"2272",32509,2015,1969,0
"2273",42543,2015,1606,0
"2274",37555,2016,1339,0
"2275",49967,2017,917,1
"2276",37845,2015,1462,1
"2277",34307,2018,1570,1
"2278",43674,2017,1532,1
"2279",51359,2017,1793,1
"2280",51127,2015,538,1
"2281",53215,2018,968,0
"2282",32712,2016,332,0
"2283",43732,2017,1104,0
"2284",39092,2018,635,0
"2285",44573,2016,1540,1
"2286",40542,2015,1101,1
"2287",35786,2018,867,0
"2288",29145,2016,1003,1
"2289",50576,2017,1043,1
"2290",49503,2015,2409,1
"2291",31349,2018,897,1
"2292",54114,2015,1453,1
"2293",40252,2018,1826,1
"2294",31407,2015,294,1
"2295",44863,2018,1141,0
"2296",39498,2016,1089,1
"2297",46719,2015,1583,0
"2298",41383,2015,613,0
"2299",50547,2016,1238,1
"2300",46980,2017,986,1
"2301",55622,2017,2073,0
"2302",31726,2017,115,0
"2303",39295,2018,1836,0
"2304",37294,2016,1631,0
"2305",33321,2018,516,0
"2306",42340,2016,1050,1
"2307",36627,2015,733,1
"2308",48720,2017,2310,1
"2309",40919,2018,2165,0
"2310",36134,2016,2707,1
"2311",35960,2017,2019,1
"2312",43906,2016,615,0
"2313",39469,2017,1233,1
"2314",42630,2018,664,0
"2315",40803,2018,1380,1
"2316",37613,2017,2226,1
"2317",38773,2016,423,0
"2318",30711,2017,1309,0
"2319",33205,2017,1274,0
"2320",47560,2017,922,0
"2321",33582,2017,1827,1
"2322",55158,2018,1420,0
"2323",51040,2017,710,1
"2324",42166,2015,2159,1
"2325",55071,2018,1974,1
"2326",29783,2016,1411,0
"2327",34771,2017,845,0
"2328",49213,2016,2286,0
"2329",31900,2015,1566,0
"2330",51678,2016,1992,0
"2331",46255,2017,1510,0
"2332",56115,2017,1610,0
"2333",50982,2017,1097,1
"2334",29435,2015,1558,0
"2335",30450,2016,960,1
"2336",54462,2018,1149,0
"2337",47154,2015,1826,0
"2338",36453,2015,1548,1
"2339",34075,2018,230,0
"2340",47937,2017,888,1
"2341",29696,2015,1054,1
"2342",46284,2018,1542,0
"2343",55332,2015,1981,0
"2344",35293,2018,1375,0
"2345",40484,2016,821,1
"2346",36511,2017,809,0
"2347",40194,2018,1748,1
"2348",43790,2016,1728,1
"2349",50373,2017,2053,1
"2350",32161,2016,1791,1
"2351",38715,2016,325,0
"2352",34423,2016,1482,0
"2353",46487,2016,1635,1
"2354",32770,2015,1701,0
"2355",33988,2016,2050,0
"2356",55999,2018,1069,1
"2357",33901,2016,424,1
"2358",45994,2018,1763,1
"2359",45936,2017,2095,0
"2360",42137,2017,1974,0
"2361",36772,2015,2132,1
"2362",30856,2018,680,1
"2363",44022,2018,307,1
"2364",44080,2015,1477,0
"2365",56028,2016,2563,1
"2366",45414,2017,1749,0
"2367",35264,2017,1845,0
"2368",36163,2018,925,0
"2369",38628,2018,0,1
"2370",32335,2015,1776,1
"2371",51533,2015,1913,0
"2372",38686,2015,1542,0
"2373",30334,2015,1666,1
"2374",40223,2018,1519,0
"2375",42253,2017,1488,0
"2376",37961,2015,2319,1
"2377",41441,2015,697,0
"2378",47154,2017,1200,0
"2379",34626,2017,1969,1
"2380",31755,2016,824,0
"2381",47386,2015,1942,0
"2382",49039,2018,549,0
"2383",39614,2016,1359,1
"2384",46806,2018,810,0
"2385",30740,2017,1500,0
"2386",52867,2016,1752,1
"2387",31291,2015,1757,1
"2388",46429,2016,1203,0
"2389",53969,2015,1147,1
"2390",33147,2017,1594,1
"2391",52142,2016,2024,0
"2392",32480,2015,1911,1
"2393",47212,2017,1112,1
"2394",43384,2015,871,0
"2395",44573,2015,1799,1
"2396",36714,2018,2239,0
"2397",55593,2017,1729,0
"2398",52200,2015,2192,1
"2399",37149,2016,2066,0
"2400",52722,2016,1796,0
"2401",41064,2017,1954,0
"2402",38976,2016,1686,0
"2403",42833,2017,1508,0
"2404",34539,2018,1098,1
"2405",39295,2015,2075,0
"2406",33147,2015,1678,1
"2407",55651,2016,1415,1
"2408",54433,2018,140,1
"2409",36975,2016,1848,0
"2410",43268,2015,1083,0
"2411",49097,2016,2618,1
"2412",45037,2015,1784,1
"2413",36859,2016,1324,1
"2414",43413,2017,729,1
"2415",34249,2017,1661,1
"2416",54810,2016,432,0
"2417",54491,2017,1785,1
"2418",34481,2018,2040,0
"2419",30392,2015,1709,0
"2420",54636,2018,1532,1
"2421",47444,2018,739,1
"2422",45385,2018,823,1
"2423",53708,2017,1422,0
"2424",33582,2018,1742,1
"2425",52055,2018,1499,0
"2426",39150,2016,1992,1
"2427",42891,2015,1641,1
"2428",52664,2017,976,0
"2429",42543,2018,1485,0
"2430",49793,2015,1839,0
"2431",35960,2018,2149,1
"2432",29957,2017,657,1
"2433",43935,2016,1494,0
"2434",41035,2018,624,1
"2435",36569,2015,2387,1
"2436",51040,2015,1412,1
"2437",55999,2016,1672,1
"2438",36685,2017,573,1
"2439",32335,2017,1433,1
"2440",35264,2018,1642,0
"2441",40629,2017,0,1
"2442",31755,2018,770,0
"2443",50228,2015,1704,1
"2444",45762,2016,1925,0
"2445",31175,2017,1036,1
"2446",32509,2018,2235,0
"2447",45530,2015,2375,1
"2448",49996,2017,1498,0
"2449",51591,2016,2048,1
"2450",46197,2017,2391,0
"2451",35728,2018,978,0
"2452",50953,2017,355,0
"2453",35699,2015,1531,0
"2454",32799,2016,1691,1
"2455",39324,2017,585,1
"2456",48082,2015,917,0
"2457",31146,2018,153,1
"2458",34713,2018,1004,0
"2459",40426,2016,1768,0
"2460",42659,2018,874,1
"2461",32161,2018,1534,1
"2462",37874,2015,1583,0
"2463",33147,2018,1656,1
"2464",55477,2018,473,1
"2465",48024,2015,2300,0
"2466",56144,2015,973,1
"2467",53505,2017,1205,0
"2468",47763,2016,947,0
"2469",41760,2016,868,0
"2470",51069,2015,1521,0
"2471",38628,2017,332,1
"2472",49822,2018,1823,0
"2473",35322,2017,1618,1
"2474",55042,2018,1432,0
"2475",48894,2017,439,1
"2476",47502,2016,1759,1
"2477",33698,2016,774,0
"2478",47792,2016,1780,1
"2479",50634,2018,1285,1
"2480",35699,2017,1699,0
"2481",51794,2017,456,0
"2482",35119,2015,1995,1
"2483",32567,2018,947,1
"2484",35670,2017,1301,0
"2485",56086,2017,1418,1
"2486",39614,2015,1470,1
"2487",31117,2016,2096,1
"2488",38309,2017,1720,1
"2489",46835,2016,1825,0
"2490",48488,2015,1784,1
"2491",54694,2015,1317,0
"2492",47299,2018,771,1
"2493",42659,2016,1128,1
"2494",34075,2016,695,0
"2495",54346,2016,574,0
"2496",33727,2015,1770,0
"2497",29928,2018,1215,0
"2498",47995,2017,1407,0
"2499",33727,2018,1931,0
"2500",55999,2017,1494,1
"2501",30508,2015,356,0
"2502",35467,2016,7,1
"2503",39063,2017,1093,1
"2504",38396,2015,2025,0
"2505",52606,2015,816,1
"2506",46632,2016,1053,0
"2507",55680,2018,1511,0
"2508",30044,2018,663,1
"2509",30827,2017,1206,1
"2510",53882,2018,1452,0
"2511",33205,2018,1440,0
"2512",33002,2016,1574,0
"2513",47879,2016,1150,0
"2514",39440,2017,1793,0
"2515",52084,2016,443,1
"2516",37816,2018,2607,1
"2517",35409,2016,1353,0
"2518",47937,2018,1173,1
"2519",51504,2016,1753,1
"2520",29348,2016,2359,1
"2521",56144,2018,471,1
"2522",47067,2018,296,0
"2523",50982,2015,1284,1
"2524",37700,2016,1519,1
"2525",54404,2018,2094,1
"2526",35264,2016,1688,0
"2527",32538,2015,1358,1
"2528",36888,2017,1487,1
"2529",39440,2015,1033,0
"2530",29870,2018,1944,0
"2531",53331,2017,583,0
"2532",41789,2016,1396,0
"2533",41586,2017,734,1
"2534",38164,2016,1188,1
"2535",30160,2017,1726,0
"2536",55274,2017,1625,0
"2537",37729,2018,365,0
"2538",40571,2017,1807,0
"2539",47357,2016,834,1
"2540",53998,2015,1081,1
"2541",38338,2016,1929,1
"2542",39237,2015,1529,0
"2543",33031,2015,2445,0
"2544",48865,2017,2830,1
"2545",45588,2017,2336,0
"2546",43935,2015,1524,0
"2547",50402,2017,1364,1
"2548",37932,2017,1530,0
"2549",53041,2015,773,0
"2550",38918,2016,2677,0
"2551",54781,2017,1715,0
"2552",30102,2017,2948,1
"2553",43471,2018,1455,0
"2554",37033,2017,1231,0
"2555",50692,2018,944,1
"2556",39034,2018,1011,0
"2557",41412,2016,1435,0
"2558",39150,2015,2002,1
"2559",29203,2015,1311,0
"2560",31581,2016,797,0
"2561",34307,2015,1254,1
"2562",42862,2017,2160,0
"2563",38193,2018,816,1
"2564",37497,2018,2162,0
"2565",40310,2018,1683,0
"2566",30015,2018,0,0
"2567",35757,2015,906,1
"2568",33553,2017,797,1
"2569",52113,2017,445,1
"2570",29174,2015,2335,1
"2571",40078,2016,2165,0
"2572",55361,2015,1211,1
"2573",38280,2015,1558,1
"2574",49242,2017,1430,1
"2575",36540,2018,1629,1
"2576",51910,2017,2744,0
"2577",39469,2018,874,1
"2578",54984,2017,1262,1
"2579",51939,2016,2093,0
"2580",41383,2017,468,0
"2581",48604,2018,1084,1
"2582",54578,2018,380,1
"2583",30508,2018,0,0
"2584",55042,2015,1949,0
"2585",50692,2016,1563,1
"2586",40745,2017,1040,1
"2587",51446,2015,2049,1
"2588",38802,2015,2023,0
"2589",54839,2016,1894,0
"2590",30044,2015,1226,1
"2591",52084,2015,843,1
"2592",39759,2018,1900,1
"2593",31581,2015,892,0
"2594",38309,2016,1655,1
"2595",37468,2018,1261,0
"2596",34742,2015,2545,1
"2597",48604,2015,1543,1
"2598",50750,2015,1823,0
"2599",48053,2018,1260,1
"2600",53621,2018,2317,0
"2601",38454,2016,2532,0
"2602",42920,2015,1828,1
"2603",33785,2015,1299,1
"2604",39817,2017,494,1
"2605",55564,2015,1144,1
"2606",35873,2018,2011,0
"2607",34017,2017,1447,1
"2608",48082,2017,1169,0
"2609",42079,2015,1872,1
"2610",41093,2016,1272,0
"2611",34017,2015,1445,1
"2612",44515,2015,1632,0
"2613",32103,2017,1238,0
"2614",43761,2017,2418,1
"2615",50054,2016,1971,1
"2616",52780,2018,1019,0
"2617",36482,2016,2116,0
"2618",51156,2016,1838,0
"2619",52664,2016,846,0
"2620",30682,2016,723,1
"2621",51620,2015,819,1
"2622",52867,2015,1883,1
"2623",52838,2015,865,1
"2624",49358,2017,1721,1
"2625",49677,2018,1941,0
"2626",37903,2018,2150,0
"2627",36192,2015,1376,0
"2628",43703,2017,1014,0
"2629",30479,2015,1399,0
"2630",40977,2015,1343,1
"2631",53737,2017,1528,1
"2632",29029,2016,1380,1
"2633",44689,2018,1702,0
"2634",50779,2015,2616,1
"2635",39730,2015,1387,1
"2636",31784,2015,1750,0
"2637",43297,2017,1131,0
"2638",41499,2017,1288,1
"2639",47270,2018,1131,0
"2640",31494,2016,1295,1
"2641",44863,2016,1583,0
"2642",44254,2018,1358,0
"2643",30943,2016,2608,0
"2644",43152,2018,728,1
"2645",36308,2017,601,0
"2646",41876,2017,2342,1
"2647",42804,2016,1532,0
"2648",38628,2015,488,1
"2649",39237,2016,1401,0
"2650",46574,2015,1637,0
"2651",50054,2017,1844,1
"2652",46661,2017,1655,1
"2653",36656,2018,1833,0
"2654",44602,2016,877,0
"2655",55970,2015,1834,0
"2656",38860,2017,2205,0
"2657",39585,2017,2556,0
"2658",39063,2018,640,1
"2659",52983,2018,1064,0
"2660",44399,2015,1326,0
"2661",49474,2018,1908,1
"2662",46690,2018,267,0
"2663",50083,2018,2142,1
"2664",43036,2015,1176,0
"2665",55767,2017,1588,1
"2666",43500,2016,1091,0
"2667",50576,2015,981,1
"2668",48082,2018,1206,0
"2669",52519,2018,2502,0
"2670",34336,2015,1077,1
"2671",53360,2018,2036,1
"2672",49793,2017,2537,0
"2673",42224,2015,1496,0
"2674",45820,2018,1548,0
"2675",36395,2018,1729,0
"2676",44979,2016,1987,0
"2677",31407,2017,632,1
"2678",52577,2017,1077,0
"2679",41876,2015,2128,1
"2680",42630,2017,1175,0
"2681",41992,2017,955,1
"2682",54201,2015,1819,1
"2683",29377,2018,1807,0
"2684",43471,2016,2521,0
"2685",43210,2017,1532,1
"2686",29986,2016,1824,0
"2687",40368,2017,307,0
"2688",33292,2018,866,1
"2689",34626,2015,1394,1
"2690",41499,2016,1605,1
"2691",32393,2015,1307,1
"2692",46458,2016,1288,1
"2693",33785,2017,965,1
"2694",46545,2016,813,0
"2695",40136,2016,1433,1
"2696",45240,2016,1913,0
"2697",55825,2017,2108,1
"2698",46806,2017,664,0
"2699",31958,2017,1937,1
"2700",50489,2016,1494,1
"2701",32886,2017,183,0
"2702",44225,2015,1070,1
"2703",29899,2016,1681,1
"2704",51736,2017,2344,1
"2705",31958,2015,1601,1
"2706",39875,2018,1264,0
"2707",45675,2017,2049,0
"2708",33321,2016,1115,0
"2709",46545,2015,1077,0
"2710",31987,2017,1949,1
"2711",38541,2017,1628,1
"2712",34800,2016,840,1
"2713",40281,2016,1621,0
"2714",33234,2015,792,1
"2715",44921,2016,892,1
"2716",43587,2016,669,1
"2717",35641,2018,1330,1
"2718",30740,2015,1493,0
"2719",46081,2018,1053,1
"2720",45269,2018,1812,0
"2721",30363,2018,1978,1
"2722",53273,2017,1598,0
"2723",42717,2016,1498,0
"2724",34887,2017,1052,0
"2725",36395,2015,1762,0
"2726",32393,2018,976,1
"2727",52142,2018,1915,0
"2728",49068,2017,2245,1
"2729",36366,2018,2105,0
"2730",32480,2018,1922,1
"2731",40252,2016,1678,1
"2732",52809,2017,1582,1
"2733",52258,2017,1466,1
"2734",54201,2017,1469,1
"2735",44834,2017,1858,1
"2736",49677,2016,1752,0
"2737",38860,2015,1783,0
"2738",52664,2015,1428,0
"2739",42166,2017,1814,1
"2740",37004,2016,867,0
"2741",41325,2015,1003,1
"2742",43529,2018,868,0
"2743",42427,2018,1170,0
"2744",53679,2015,1054,0
"2745",42195,2015,1893,0
"2746",40368,2015,731,0
"2747",42862,2016,1668,0
"2748",41470,2018,0,1
"2749",45965,2017,1234,0
"2750",48401,2016,922,1
"2751",50025,2017,2063,1
"2752",29029,2017,1084,1
"2753",37613,2018,2271,1
"2754",48343,2017,1000,1
"2755",55506,2018,1855,0
"2756",40281,2018,2207,0
"2757",41180,2017,776,1
"2758",36453,2018,1214,1
"2759",40136,2015,1113,1
"2760",38744,2018,337,1
"2761",36250,2018,1820,0
"2762",43500,2018,1060,0
"2763",43442,2015,1148,1
"2764",33524,2016,1091,1
"2765",31842,2016,2383,0
"2766",40136,2018,1164,1
"2767",33292,2015,1083,1
"2768",33611,2015,1671,0
"2769",51214,2015,2438,1
"2770",39353,2015,1321,1
"2771",55390,2018,1296,1
"2772",51388,2016,406,1
"2773",43123,2017,1061,1
"2774",34945,2015,1758,1
"2775",37845,2017,1084,1
"2776",38976,2015,2358,0
"2777",33901,2017,437,1
"2778",43848,2015,1329,1
"2779",39469,2015,1194,1
"2780",33698,2017,439,0
"2781",48256,2016,1461,1
"2782",54636,2017,1696,1
"2783",42920,2018,1809,1
"2784",36482,2015,1762,0
"2785",52345,2015,1016,0
"2786",51243,2015,1699,1
"2787",52838,2016,836,1
"2788",51939,2015,2183,0
"2789",29464,2018,2337,1
"2790",31001,2018,1223,1
"2791",34684,2018,1263,1
"2792",54201,2016,1424,1
"2793",30653,2017,671,0
"2794",29319,2018,755,0
"2795",43732,2015,1110,0
"2796",52432,2017,1653,1
"2797",54259,2017,1659,1
"2798",29464,2016,2227,1
"2799",36598,2018,2434,0
"2800",40339,2016,1393,0
"2801",44022,2016,592,1
"2802",54230,2017,2029,1
"2803",34800,2017,712,1
"2804",44631,2017,1714,1
"2805",29667,2016,2818,0
"2806",42601,2016,710,0
"2807",45356,2015,2241,0
"2808",33002,2015,1537,0
"2809",44283,2015,1745,0
"2810",43065,2015,1921,1
"2811",49532,2015,1737,1
"2812",47647,2018,1981,0
"2813",51707,2016,1528,0
"2814",42572,2016,1380,0
"2815",31378,2016,1682,1
"2816",34104,2015,1817,1
"2817",54230,2016,1830,1
"2818",53070,2016,1500,1
"2819",47212,2015,1552,1
"2820",34858,2018,1444,0
"2821",46458,2017,1111,1
"2822",50953,2015,652,0
"2823",46197,2015,2338,0
"2824",33263,2017,2119,0
"2825",51272,2017,1580,1
"2826",47821,2018,1099,1
"2827",55274,2015,1576,0
"2828",36105,2016,1066,1
"2829",41122,2016,813,0
"2830",30218,2016,1566,0
"2831",39266,2018,753,0
"2832",44486,2017,1876,0
"2833",53679,2016,1015,0
"2834",34626,2018,1687,1
"2835",49764,2015,880,0
"2836",46400,2015,1492,1
"2837",52142,2015,2008,0
"2838",50721,2018,1227,0
"2839",54549,2015,1148,0
"2840",35177,2018,929,1
"2841",33524,2015,1231,1
"2842",42021,2016,884,1
"2843",39991,2017,411,0
"2844",30972,2015,1207,1
"2845",47328,2018,1746,0
"2846",46777,2017,1917,1
"2847",46313,2018,2351,0
"2848",55100,2017,1293,0
"2849",49735,2015,1715,1
"2850",29696,2017,1120,1
"2851",31494,2018,1627,1
"2852",39237,2017,1714,0
"2853",45820,2017,1706,0
"2854",39933,2017,1802,0
"2855",38802,2016,2324,0
"2856",55042,2016,1859,0
"2857",43384,2017,825,0
"2858",41963,2018,2399,0
"2859",40339,2017,1015,0
"2860",54259,2018,1064,1
"2861",29580,2016,1540,1
"2862",35612,2018,1391,1
"2863",38483,2018,1468,1
"2864",46400,2016,1281,1
"2865",33031,2016,2723,0
"2866",35612,2017,1560,1
"2867",54143,2018,435,1
"2868",30131,2017,2053,1
"2869",44892,2016,1391,0
"2870",54897,2015,1733,0
"2871",45124,2017,1121,1
"2872",44457,2018,1610,0
"2873",48604,2017,1515,1
"2874",43442,2017,676,1
"2875",35989,2015,2191,1
"2876",45907,2017,2134,1
"2877",46690,2016,415,0
"2878",34945,2018,2048,1
"2879",44544,2018,1098,0
"2880",46487,2015,1978,1
"2881",48575,2016,1254,0
"2882",36830,2015,1116,1
"2883",31552,2015,1138,0
"2884",53621,2015,1942,0
"2885",50779,2016,3119,1
"2886",41673,2018,1932,0
"2887",35322,2015,1333,1
"2888",41760,2018,724,0
"2889",47386,2018,993,0
"2890",43761,2016,2254,1
"2891",34365,2017,2399,1
"2892",40397,2018,0,1
"2893",44370,2016,1316,0
"2894",37758,2018,400,1
"2895",43123,2018,814,1
"2896",43413,2015,1440,1
"2897",31900,2016,1632,0
"2898",49619,2018,1128,1
"2899",52258,2016,1564,1
"2900",52606,2016,669,1
"2901",45704,2016,1818,1
"2902",44109,2015,1764,1
"2903",45385,2017,1390,1
"2904",37497,2017,1864,0
"2905",55419,2016,1276,1
"2906",30711,2015,1350,0
"2907",30363,2016,1603,1
"2908",40252,2015,1441,1
"2909",29870,2017,2184,0
"2910",43065,2016,1817,1
"2911",55303,2017,1651,1
"2912",39179,2015,2196,0
"2913",53969,2016,1052,1
"2914",34510,2016,1599,1
"2915",31204,2015,1783,1
"2916",44080,2017,1596,0
"2917",37265,2015,1585,1
"2918",50054,2015,1652,1
"2919",34945,2017,1601,1
"2920",49329,2016,1878,0
"2921",43384,2018,530,0
"2922",29058,2016,1818,0
"2923",31639,2017,1381,1
"2924",52026,2015,620,1
"2925",34655,2017,2865,0
"2926",51446,2018,2517,1
"2927",32422,2018,1922,0
"2928",45965,2015,1263,0
"2929",52954,2017,1250,1
"2930",35873,2015,2185,0
"2931",33524,2018,698,1
"2932",35902,2017,843,0
"2933",33031,2017,3410,0
"2934",35003,2015,1756,0
"2935",39092,2015,1047,0
"2936",34365,2018,1785,1
"2937",50054,2018,1927,1
"2938",39904,2018,2016,0
"2939",51185,2018,1434,0
"2940",42369,2015,1148,1
"2941",30160,2015,1568,0
"2942",30479,2017,1512,0
"2943",50170,2017,1096,1
"2944",50895,2017,1892,0
"2945",29464,2015,2003,1
"2946",35235,2018,1684,1
"2947",53389,2016,1367,0
"2948",29232,2018,1421,0
"2949",46893,2015,1169,0
"2950",41644,2017,1563,0
"2951",48807,2015,2326,0
"2952",39208,2015,1779,0
"2953",50895,2015,1722,0
"2954",51301,2015,881,0
"2955",48256,2018,1054,1
"2956",46342,2015,1508,0
"2957",35641,2017,1680,1
"2958",42311,2017,1169,0
"2959",41673,2015,1968,0
"2960",45762,2018,2200,0
"2961",29464,2017,2397,1
"2962",49532,2016,1237,1
"2963",42456,2015,1374,0
"2964",40832,2018,1256,0
"2965",49474,2015,1869,1
"2966",36772,2018,1773,1
"2967",52519,2017,2292,0
"2968",46400,2017,1260,1
"2969",55419,2017,1071,1
"2970",46516,2018,492,0
"2971",55854,2018,1720,1
"2972",39962,2018,1646,0
"2973",30247,2018,1984,0
"2974",42108,2017,1477,1
"2975",51214,2017,2440,1
"2976",44051,2016,1976,0
"2977",34162,2017,2040,1
"2978",39962,2015,1328,0
"2979",47850,2017,1233,0
"2980",52113,2016,401,1
"2981",54549,2017,690,0
"2982",53505,2018,1212,0
"2983",53940,2017,208,1
"2984",55622,2016,2330,0
"2985",41354,2017,1398,0
"2986",31668,2015,1805,1
"2987",49184,2016,838,1
"2988",33959,2018,1812,1
"2989",33176,2015,1775,0
"2990",46081,2015,1554,1
"2991",43268,2017,1701,0
"2992",29725,2015,1796,0
"2993",52867,2018,1572,1
"2994",29667,2018,2617,0
"2995",30247,2016,1350,0
"2996",41151,2018,793,0
"2997",36627,2017,909,1
"2998",39208,2016,1520,0
"2999",45617,2017,165,0
"3000",37033,2018,1078,0
"3001",34887,2018,992,0
"3002",36888,2015,1729,1
"3003",47763,2017,1085,0
"3004",34568,2015,2388,0
"3005",29377,2017,1419,0
"3006",51040,2018,545,1
"3007",39440,2016,1404,0
"3008",53679,2017,681,0
"3009",34829,2016,689,1
"3010",51504,2018,1495,1
"3011",52461,2017,1316,1
"3012",43036,2017,575,0
"3013",32944,2017,562,0
"3014",53273,2018,1779,0
"3015",29087,2015,1370,1
"3016",48111,2015,1693,1
"3017",44457,2015,2326,0
"3018",32944,2015,951,0
"3019",44515,2018,1259,0
"3020",36192,2017,1839,0
"3021",45791,2015,522,1
"3022",33234,2018,373,1
"3023",30798,2017,307,1
"3024",47647,2016,2404,0
"3025",45211,2017,93,1
"3026",33118,2016,867,0
"3027",41412,2015,1423,0
"3028",32074,2017,310,1
"3029",33988,2017,2095,0
"3030",41499,2018,934,1
"3031",54056,2018,1128,0
"3032",36685,2015,613,1
"3033",31465,2017,834,1
"3034",41992,2016,1151,1
"3035",36859,2017,1222,1
"3036",44921,2017,583,1
"3037",38657,2015,1251,0
"3038",54259,2016,1578,1
"3039",49880,2016,2154,1
"3040",45733,2017,2222,0
"3041",52026,2016,957,1
"3042",30189,2015,816,1
"3043",29841,2016,1489,1
"3044",30711,2018,970,0
"3045",47502,2018,1498,1
"3046",45472,2017,537,0
"3047",49329,2018,2198,0
"3048",45153,2017,1364,1
"3049",38077,2017,2124,0
"3050",30537,2018,421,0
"3051",39991,2015,1018,0
"3052",31030,2015,1514,0
"3053",49300,2016,1362,1
"3054",53331,2016,1130,0
"3055",50663,2016,3230,0
"3056",36627,2016,851,1
"3057",44689,2015,2373,0
"3058",48343,2018,588,1
"3059",55941,2018,1317,0
"3060",51098,2018,1114,1
"3061",36540,2017,2284,1
"3062",45095,2017,596,0
"3063",51707,2017,1586,0
"3064",52229,2016,2318,1
"3065",29551,2018,1455,0
"3066",46139,2018,19,1
"3067",48546,2017,1447,1
"3068",54520,2017,2027,1
"3069",52722,2018,2210,0
"3070",31465,2018,875,1
"3071",44747,2017,1850,0
"3072",53389,2018,1241,0
"3073",52171,2015,1922,0
"3074",29522,2017,1774,1
"3075",43790,2018,1383,1
"3076",38396,2017,2126,0
"3077",36337,2018,1443,1
"3078",54114,2017,1104,1
"3079",45356,2016,1802,0
"3080",37062,2015,1691,1
"3081",48401,2015,928,1
"3082",29609,2016,1741,0
"3083",54027,2017,2050,1
"3084",50576,2018,955,1
"3085",48952,2018,1195,0
"3086",39759,2016,1410,1
"3087",44196,2016,1174,1
"3088",29870,2016,2134,0
"3089",32509,2017,2025,0
"3090",40426,2015,1832,0
"3091",37816,2015,2060,1
"3092",48865,2018,2703,1
"3093",40658,2015,2175,0
"3094",49358,2018,1885,1
"3095",44776,2015,1298,1
"3096",51417,2017,1195,1
"3097",46313,2015,1631,0
"3098",55738,2015,1774,1
"3099",42253,2016,1201,0
"3100",50373,2018,1667,1
"3101",36743,2018,742,0
"3102",30885,2016,1946,0
"3103",41615,2015,1461,1
"3104",42456,2017,1100,0
"3105",43848,2018,1082,1
"3106",32567,2016,1347,1
"3107",39788,2018,1929,0
"3108",30363,2015,1446,1
"3109",49358,2016,1810,1
"3110",43848,2017,1586,1
"3111",54027,2016,1734,1
"3112",31320,2018,2620,0
"3113",52751,2017,2748,1
"3114",34423,2017,853,0
"3115",33698,2018,0,0
"3116",53650,2016,1656,1
"3117",53215,2017,952,0
"3118",36337,2016,1852,1
"3119",32306,2016,1631,1
"3120",51417,2018,1087,1
"3121",55941,2015,1838,0
"3122",38019,2016,1752,0
"3123",46487,2017,1891,1
"3124",43761,2018,1939,1
"3125",54056,2017,1054,0
"3126",42427,2016,1810,0
"3127",42572,2015,1261,0
"3128",42050,2016,1310,0
"3129",41006,2016,1412,0
"3130",32625,2018,1960,0
"3131",50518,2017,1826,0
"3132",40426,2017,1946,0
"3133",49532,2017,1513,1
"3134",31726,2015,611,0
"3135",45617,2015,486,0
"3136",49503,2017,2959,1
"3137",54520,2015,1625,1
"3138",49967,2015,712,1
"3139",34916,2016,1370,1
"3140",39991,2016,641,0
"3141",43964,2017,706,0
"3142",42949,2018,929,0
"3143",38280,2018,1252,1
"3144",32596,2016,1067,1
"3145",45008,2015,1238,1
"3146",45327,2018,1181,1
"3147",46951,2017,736,0
"3148",47357,2018,666,1
"3149",40716,2016,2566,0
"3150",49503,2016,2731,1
"3151",43616,2016,763,1
"3152",48517,2017,508,1
"3153",42978,2018,1393,1
"3154",32248,2015,1944,0
"3155",41789,2018,1389,0
"3156",36366,2017,2173,0
"3157",42630,2016,1506,0
"3158",49184,2018,710,1
"3159",41180,2016,1122,1
"3160",29609,2018,772,0
"3161",33408,2018,1371,1
"3162",43384,2016,718,0
"3163",34800,2015,968,1
"3164",32016,2017,1845,1
"3165",33466,2015,812,1
"3166",31059,2016,1659,1
"3167",55767,2016,1310,1
"3168",46719,2016,1783,0
"3169",31697,2016,2010,0
"3170",36946,2016,1812,0
"3171",53824,2016,1288,1
"3172",46255,2018,1191,0
"3173",48778,2017,1917,0
"3174",36511,2015,1552,0
"3175",30073,2015,1963,1
"3176",38947,2018,1572,1
"3177",35786,2015,992,0
"3178",52432,2015,1378,1
"3179",42369,2017,1548,1
"3180",53940,2018,7,1
"3181",29928,2016,1563,0
"3182",43210,2015,1920,1
"3183",38831,2016,1547,0
"3184",44631,2016,1792,1
"3185",41064,2018,2216,0
"3186",47995,2018,1355,0
"3187",44254,2015,1560,0
"3188",30914,2015,858,1
"3189",47096,2015,1695,0
"3190",34423,2018,830,0
"3191",37903,2016,2042,0
"3192",40107,2018,767,1
"3193",49300,2018,1127,1
"3194",35757,2018,142,1
"3195",34510,2018,1475,1
"3196",54404,2015,1904,1
"3197",50721,2017,1835,0
"3198",38570,2015,1445,0
"3199",30218,2015,1600,0
"3200",31262,2016,1569,1
"3201",35061,2015,1720,1
"3202",50953,2016,510,0
"3203",41847,2018,327,1
"3204",30798,2015,259,1
"3205",30740,2018,1443,0
"3206",41122,2018,639,0
"3207",32103,2016,1621,0
"3208",32770,2017,1261,0
"3209",31871,2015,1785,0
"3210",36598,2015,2447,0
"3211",35351,2017,1266,0
"3212",54723,2016,2356,0
"3213",43790,2017,1623,1
"3214",40310,2016,1727,0
"3215",30711,2016,874,0
"3216",39701,2018,1173,0
"3217",52287,2018,948,1
"3218",41905,2016,1256,1
"3219",40165,2016,2871,1
"3220",41702,2015,2444,0
"3221",31697,2017,1753,0
"3222",50141,2017,1395,0
"3223",52548,2017,810,0
"3224",37236,2017,957,1
"3225",34510,2015,1629,1
"3226",47009,2017,1105,0
"3227",38396,2018,2075,0
"3228",36279,2016,1988,0
"3229",48459,2016,453,0
"3230",47937,2016,828,1
"3231",31088,2016,1412,1
"3232",39556,2018,1655,1
"3233",46226,2017,994,0
"3234",50982,2018,877,1
"3235",40919,2016,2089,0
"3236",46574,2018,1756,0
"3237",37091,2018,69,1
"3238",47966,2016,1856,0
"3239",39324,2018,671,1
"3240",29783,2017,933,0
"3241",30508,2017,0,0
"3242",47734,2015,1444,0
"3243",51243,2017,1684,1
"3244",44776,2016,1082,1
"3245",37323,2016,1609,0
"3246",32973,2015,1794,0
"3247",45994,2016,1623,1
"3248",51243,2018,1320,1
"3249",36453,2017,1133,1
"3250",45385,2015,1786,1
"3251",32683,2017,1106,1
"3252",43732,2018,1087,0
"3253",52345,2018,683,0
"3254",51011,2016,1937,1
"3255",54491,2018,1723,1
"3256",41731,2015,1308,1
"3257",42195,2018,1799,0
"3258",38889,2017,2551,1
"3259",43065,2017,2021,1
"3260",33814,2018,2018,1
"3261",32277,2015,1166,1
"3262",32973,2016,1481,0
"3263",38077,2016,2140,0
"3264",33089,2018,590,0
"3265",33495,2017,396,0
"3266",45530,2016,2497,1
"3267",40136,2017,1229,1
"3268",32857,2016,2241,0
"3269",48778,2015,1743,0
"3270",47589,2016,1388,1
"3271",34481,2017,2281,0
"3272",55071,2017,2401,1
"3273",42427,2017,1483,0
"3274",49213,2017,2007,0
"3275",51069,2016,1199,0
"3276",38541,2016,1410,1
"3277",29116,2017,1096,0
"3278",38802,2017,1961,0
"3279",53592,2015,1290,0
"3280",54781,2015,1812,0
"3281",53244,2016,1692,1
"3282",43355,2018,1504,0
"3283",37497,2016,2042,0
"3284",40658,2018,2375,0
"3285",36975,2017,1984,0
"3286",39846,2015,1001,1
"3287",51939,2017,1733,0
"3288",38193,2015,1041,1
"3289",50692,2017,1368,1
"3290",50605,2018,1464,1
"3291",44602,2018,762,0
"3292",55564,2016,880,1
"3293",50924,2017,1681,1
"3294",36047,2015,1784,1
"3295",40861,2018,1312,1
"3296",33466,2016,484,1
"3297",50170,2018,302,1
"3298",40513,2018,1303,0
"3299",51011,2018,1749,1
"3300",35670,2015,1351,0
"3301",40107,2016,1853,1
"3302",41963,2015,2141,0
"3303",43587,2017,828,1
"3304",54781,2016,1577,0
"3305",32393,2016,1486,1
"3306",52983,2016,1649,0
"3307",34858,2017,1339,0
"3308",47473,2017,1109,1
"3309",49445,2018,1471,0
"3310",30044,2017,789,1
"3311",51852,2016,163,1
"3312",54723,2017,2560,0
"3313",37352,2018,1658,1
"3314",32248,2018,1649,0
"3315",37758,2016,839,1
"3316",33495,2015,967,0
"3317",41586,2016,457,1
"3318",46139,2016,462,1
"3319",44805,2018,1684,0
"3320",31755,2015,1141,0
"3321",51678,2015,1390,0
"3322",51620,2017,623,1
"3323",43616,2015,894,1
"3324",33727,2016,1380,0
"3325",42804,2017,2044,0
"3326",48111,2016,1421,1
"3327",48749,2018,1132,0
"3328",32161,2015,2035,1
"3329",39295,2017,1471,0
"3330",40600,2018,1367,0
"3331",52287,2016,1421,1
"3332",49155,2015,1611,1
"3333",43036,2018,748,0
"3334",30856,2016,1315,1
"3335",33988,2018,1974,0
"3336",38628,2016,152,1
"3337",33292,2016,901,1
"3338",50837,2018,1459,0
"3339",38512,2016,1853,0
"3340",48169,2015,2073,1
"3341",49271,2017,819,0
"3342",33930,2015,1634,1
"3343",55245,2018,2127,0
"3344",55854,2016,1771,1
"3345",55303,2016,1291,1
"3346",41557,2015,1568,1
"3347",41441,2016,918,0
"3348",52113,2015,118,1
"3349",55854,2017,1849,1
"3350",35061,2018,1713,1
"3351",49271,2015,572,0
"3352",48604,2016,1758,1
"3353",45617,2018,100,0
"3354",50663,2017,2997,0
"3355",35496,2016,1777,1
"3356",44805,2016,1836,0
"3357",41963,2016,2097,0
"3358",46719,2017,2225,0
"3359",53447,2015,1642,1
"3360",29029,2015,1826,1
"3361",41209,2015,2031,1
"3362",50924,2015,1309,1
"3363",54114,2016,836,1
"3364",41760,2015,1003,0
"3365",54317,2017,2040,0
"3366",33118,2017,939,0
"3367",37555,2015,1434,0
"3368",51968,2016,1608,0
"3369",34800,2018,474,1
"3370",39527,2017,2211,1
"3371",34133,2015,1515,0
"3372",38367,2018,639,0
"3373",43703,2016,1392,0
"3374",36772,2016,2219,1
"3375",55680,2017,1401,0
"3376",52171,2016,1605,0
"3377",51098,2017,1124,1
"3378",49706,2017,2284,0
"3379",48662,2018,688,1
"3380",47560,2018,827,0
"3381",36076,2015,1434,1
"3382",47792,2015,1535,1
"3383",51272,2015,1106,1
"3384",55042,2017,1487,0
"3385",47473,2016,1148,1
"3386",34046,2016,1294,0
"3387",35554,2015,996,1
"3388",53708,2018,1833,0
"3389",30073,2018,1902,1
"3390",55593,2016,2125,0
"3391",30566,2018,222,0
"3392",50141,2016,1207,0
"3393",43645,2016,1924,0
"3394",51765,2017,0,1
"3395",36569,2016,2774,1
"3396",35032,2018,0,1
"3397",33089,2016,851,0
"3398",29899,2017,1455,1
"3399",45472,2015,1149,0
"3400",51127,2016,570,1
"3401",38106,2017,1451,1
"3402",51127,2017,553,1
"3403",46516,2016,904,0
"3404",54926,2016,621,1
"3405",48720,2018,1952,1
"3406",50808,2017,2460,0
"3407",45617,2016,204,0
"3408",40774,2016,1557,0
"3409",47879,2018,847,0
"3410",33089,2017,717,0
"3411",40571,2018,1845,0
"3412",32480,2016,2179,1
"3413",45327,2017,1567,1
"3414",45443,2016,1412,1
"3415",43094,2018,1563,0
"3416",30972,2017,333,1
"3417",38309,2015,1415,1
"3418",30305,2016,1608,0
"3419",37120,2015,1672,0
"3420",29000,2018,1910,0
"3421",51823,2015,1583,0
"3422",45414,2018,1577,0
"3423",33843,2015,1876,0
"3424",36192,2016,1645,0
"3425",44892,2017,1206,0
"3426",41151,2017,1051,0
"3427",29406,2015,1367,1
"3428",34829,2017,548,1
"3429",40368,2018,330,0
"3430",35235,2016,1568,1
"3431",38570,2016,1618,0
"3432",56057,2017,1281,1
"3433",52026,2017,594,1
"3434",33901,2015,313,1
"3435",42021,2017,889,1
"3436",29145,2017,617,1
"3437",48401,2018,673,1
"3438",49445,2015,1641,0
"3439",31204,2016,1746,1
"3440",53708,2016,1647,0
"3441",55245,2015,2096,0
"3442",45849,2018,476,0
"3443",35351,2018,1137,0
"3444",42572,2018,558,0
"3445",50315,2017,1497,1
"3446",41615,2016,1608,1
"3447",42891,2018,1056,1
"3448",41354,2016,1261,0
"3449",45936,2018,2168,0
"3450",39266,2015,1217,0
"3451",47734,2017,1444,0
"3452",51794,2016,185,0
"3453",43239,2017,665,1
"3454",51301,2017,773,0
"3455",33843,2016,1663,0
"3456",49242,2016,1131,1
"3457",45414,2016,1563,0
"3458",40484,2017,747,1
"3459",52113,2018,149,1
"3460",40890,2018,1105,1
"3461",32973,2017,1120,0
"3462",47879,2015,910,0
"3463",48227,2017,658,0
"3464",48459,2017,951,0
"3465",49039,2015,1425,0
"3466",40310,2017,1645,0
"3467",36105,2017,1035,1
"3468",46574,2017,1900,0
"3469",34220,2015,1249,1
"3470",46516,2015,1161,0
"3471",40513,2016,767,0
"3472",35496,2017,1545,1
"3473",42717,2018,1538,0
"3474",42079,2018,828,1
"3475",31668,2018,1296,1
"3476",34394,2016,2697,0
"3477",36888,2018,1264,1
"3478",45066,2015,1642,1
"3479",51881,2015,1621,1
"3480",54810,2018,417,0
"3481",34481,2016,1786,0
"3482",48314,2015,2038,1
"3483",50837,2017,1196,0
"3484",43007,2015,680,0
"3485",30769,2016,879,1
"3486",36018,2016,1568,0
"3487",50286,2017,1698,1
"3488",55883,2015,1472,0
"3489",29986,2018,1632,0
"3490",45095,2018,440,0
"3491",30943,2017,2124,0
"3492",35438,2018,2031,0
"3493",45095,2015,1048,0
"3494",46371,2018,1864,0
"3495",32016,2018,1660,1
"3496",52548,2016,1045,0
"3497",42427,2015,1427,0
"3498",49619,2016,1354,1
"3499",56028,2017,2499,1
"3500",52867,2017,1745,1
"3501",34655,2018,3126,0
"3502",35815,2015,1226,0
"3503",31784,2016,1310,0
"3504",54607,2016,1586,1
"3505",49329,2017,2086,0
"3506",48981,2017,2118,1
"3507",39063,2016,1595,1
"3508",42485,2017,2589,1
"3509",53099,2015,1880,1
"3510",34249,2016,1949,1
"3511",48894,2018,77,1
"3512",42543,2016,1340,0
"3513",37004,2018,362,0
"3514",55796,2016,1512,1
"3515",30421,2015,1423,0
"3516",42166,2016,1897,1
"3517",39034,2015,1299,0
"3518",38773,2017,94,0
"3519",53650,2018,1906,1
"3520",52954,2015,1544,1
"3521",38280,2017,1267,1
"3522",37787,2016,910,1
"3523",47444,2017,870,1
"3524",54172,2015,2169,0
"3525",37323,2017,1784,0
"3526",40919,2017,1974,0
"3527",43877,2016,1896,1
"3528",31088,2015,1576,1
"3529",36076,2016,1744,1
"3530",37990,2016,1294,0
"3531",31610,2018,1454,0
"3532",46284,2017,1770,0
"3533",45965,2018,1078,0
"3534",30131,2018,1999,1
"3535",46603,2015,1051,0
"3536",49155,2017,1838,1
"3537",38657,2017,1610,0
"3538",53418,2017,1151,1
"3539",31117,2017,1729,1
"3540",30914,2016,648,1
"3541",55796,2018,2060,1
"3542",29377,2016,1058,0
"3543",42398,2018,1127,0
"3544",49764,2017,1032,0
"3545",33669,2017,2519,1
"3546",34974,2018,1020,1
"3547",45559,2018,2282,0
"3548",35989,2017,1963,1
"3549",41818,2018,1481,0
"3550",44254,2017,1678,0
"3551",43645,2015,1971,0
"3552",29986,2017,1684,0
"3553",37236,2018,271,1
"3554",39411,2016,1827,0
"3555",42717,2015,1497,0
"3556",45385,2016,1608,1
"3557",46110,2017,990,1
"3558",47531,2015,1001,1
"3559",54926,2015,569,1
"3560",35380,2016,1351,0
"3561",38860,2018,2402,0
"3562",48430,2017,1265,0
"3563",37062,2016,1923,1
"3564",30189,2017,452,1
"3565",40890,2015,1611,1
"3566",31784,2018,1315,0
"3567",35583,2016,1640,1
"3568",42137,2018,1940,0
"3569",47241,2018,2644,1
"3570",53998,2018,600,1
"3571",51330,2017,1573,0
"3572",30943,2018,2466,0
"3573",45994,2017,1967,1
"3574",37555,2018,927,0
"3575",40542,2016,999,1
"3576",39672,2018,1269,1
"3577",50547,2015,1249,1
"3578",55187,2016,992,0
"3579",55477,2017,436,1
"3580",34394,2017,2402,0
"3581",40484,2015,1141,1
"3582",47908,2015,2361,0
"3583",42021,2018,186,1
"3584",41122,2015,1020,0
"3585",43616,2017,1074,1
"3586",48633,2017,2274,1
"3587",37439,2016,1820,0
"3588",41557,2016,1584,1
"3589",43819,2018,1267,1
"3590",38048,2017,975,0
"3591",41992,2015,1314,1
"3592",42514,2016,794,1
"3593",44573,2018,1434,1
"3594",45008,2018,1366,1
"3595",31581,2017,904,0
"3596",30566,2015,452,0
"3597",49735,2017,1725,1
"3598",52490,2016,1105,1
"3599",47502,2017,1295,1
"3600",53824,2015,1557,1
"3601",29609,2017,1102,0
"3602",32654,2017,1698,1
"3603",51881,2017,1531,1
"3604",33756,2015,1436,1
"3605",41963,2017,2473,0
"3606",47125,2015,2125,1
"3607",35757,2017,296,1
"3608",47444,2016,748,1
"3609",36917,2016,1882,1
"3610",54665,2016,1414,0
"3611",29029,2018,641,1
"3612",44428,2016,1669,1
"3613",30914,2017,163,1
"3614",38251,2018,1221,0
"3615",29754,2016,1385,1
"3616",50605,2017,1829,1
"3617",43297,2018,667,0
"3618",44341,2015,2928,1
"3619",48894,2015,1677,1
"3620",39933,2016,1768,0
"3621",38541,2018,1517,1
"3622",46893,2017,861,0
"3623",32741,2017,1901,0
"3624",37323,2015,1615,0
"3625",38164,2017,1405,1
"3626",35380,2018,1328,0
"3627",38889,2016,1974,1
"3628",47618,2016,1965,1
"3629",54375,2015,663,1
"3630",29261,2015,1107,1
"3631",48285,2018,1713,1
"3632",34278,2018,1830,0
"3633",39759,2015,2143,1
"3634",43355,2016,1519,0
"3635",31001,2015,1472,1
"3636",44312,2018,2037,1
"3637",49851,2018,2177,1
"3638",55071,2016,2486,1
"3639",44950,2015,2054,1
"3640",31871,2018,1700,0
"3641",54636,2015,1648,1
"3642",33959,2016,2070,1
"3643",33785,2016,1197,1
"3644",35873,2016,2228,0
"3645",29319,2016,1184,0
"3646",53186,2016,2327,1
"3647",29812,2016,720,0
"3648",51504,2017,1577,1
"3649",29290,2018,1287,1
"3650",46052,2017,1027,1
"3651",50141,2018,1997,0
"3652",47067,2015,805,0
"3653",41267,2018,841,1
"3654",53273,2015,1823,0
"3655",46081,2017,1371,1
"3656",43239,2015,767,1
"3657",49068,2018,1733,1
"3658",45530,2017,2839,1
"3659",43007,2016,159,0
"3660",45878,2018,2202,1
"3661",43326,2016,2248,0
"3662",37932,2016,1141,0
"3663",37874,2017,1661,0
"3664",40542,2017,1155,1
"3665",48459,2018,1111,0
"3666",47763,2015,1096,0
"3667",30653,2016,1093,0
"3668",37729,2017,585,0
"3669",49938,2018,327,1
"3670",45182,2017,1502,0
"3671",36772,2017,1868,1
"3672",51649,2017,2467,1
"3673",50547,2017,1443,1
"3674",31233,2018,2320,0
"3675",55622,2018,2626,0
"3676",49706,2016,2400,0
"3677",34916,2018,701,1
"3678",51243,2016,1849,1
"3679",30421,2016,1495,0
"3680",50025,2015,1945,1
"3681",42514,2018,0,1
"3682",45182,2016,1704,0
"3683",32886,2016,321,0
"3684",50199,2016,1214,1
"3685",33582,2016,1753,1
"3686",50199,2018,813,1
"3687",47792,2017,1885,1
"3688",35032,2017,156,1
"3689",50431,2016,1119,0
"3690",55129,2015,2397,0
"3691",30160,2018,2024,0
"3692",53853,2018,298,1
"3693",29319,2017,837,0
"3694",46632,2015,1442,0
"3695",37236,2016,960,1
"3696",47676,2017,663,0
"3697",31320,2015,2253,0
"3698",38657,2016,1365,0
"3699",42746,2015,2344,1
"3700",42311,2015,1807,0
"3701",32364,2017,1052,1
"3702",34858,2015,1282,0
"3703",32654,2018,1427,1
"3704",47560,2015,906,0
"3705",29058,2015,1452,0
"3706",35438,2017,2213,0
"3707",53766,2016,1617,0
"3708",51475,2018,1332,0
"3709",55216,2015,1771,1
"3710",52026,2018,714,1
"3711",35032,2015,963,1
"3712",30798,2018,0,1
"3713",29000,2017,2129,0
"3714",40977,2018,899,1
"3715",40977,2017,1123,1
"3716",52345,2017,1078,0
"3717",46487,2018,1735,1
"3718",50257,2016,1489,0
"3719",44051,2017,1805,0
"3720",45211,2016,197,1
"3721",33263,2016,1915,0
"3722",51620,2016,660,1
"3723",31697,2018,1704,0
"3724",40948,2017,1712,0
"3725",40687,2015,2643,0
"3726",37526,2016,1196,1
"3727",41528,2018,1267,1
"3728",53360,2015,1764,1
"3729",34684,2015,1668,1
"3730",39324,2016,778,1
"3731",33350,2016,2145,0
"3732",47299,2016,606,1
"3733",33437,2017,2086,1
"3734",40803,2017,1359,1
"3735",39788,2015,2095,0
"3736",47560,2016,1126,0
"3737",46255,2016,1563,0
"3738",40861,2016,1345,1
"3739",29000,2016,2254,0
"3740",52200,2018,1728,1
"3741",51997,2015,1581,1
"3742",40107,2017,1128,1
"3743",36134,2018,2546,1
"3744",48488,2017,2059,1
"3745",38744,2015,989,1
"3746",50402,2015,967,1
"3747",32277,2017,1229,1
"3748",40629,2016,0,1
