id,year,currach,ses,treat
1000,2010,36.303326,51.96484,0
1000,2011,40.378128,51.96484,0
1000,2012,33.548038,51.96484,0
1000,2013,37.532749,51.96484,0
1001,2010,49.722687,68.541641,0
1001,2011,54.959835,68.541641,0
1001,2012,57.964039,68.541641,0
1001,2013,63.675705,68.541641,0
1002,2010,40.326572,59.084721,0
1002,2011,49.713406,59.084721,0
1002,2012,46.410244,59.084721,0
1002,2013,53.229729,59.084721,0
1003,2010,53.09024,72.742241,1
1003,2011,55.395569,72.742241,1
1003,2012,56.710693,72.742241,1
1003,2013,66.8647,72.742241,1
1004,2010,45.683247,62.932636,0
1004,2011,42.821297,62.932636,0
1004,2012,46.82415,62.932636,0
1004,2013,46.110718,62.932636,0
1005,2010,33.193565,47.447056,0
1005,2011,39.539272,47.447056,0
1005,2012,36.991226,47.447056,0
1005,2013,35.082272,47.447056,0
1006,2010,44.157425,62.651245,0
1006,2011,51.783894,62.651245,0
1006,2012,52.936821,62.651245,0
1006,2013,59.842167,62.651245,0
1007,2010,50.002617,57.703308,0
1007,2011,44.760853,57.703308,0
1007,2012,39.60677,57.703308,0
1007,2013,38.590679,57.703308,0
1008,2010,46.247265,64.382874,0
1008,2011,41.673122,64.382874,0
1008,2012,39.090992,64.382874,0
1008,2013,43.662483,64.382874,0
1009,2010,60.887669,81.449631,1
1009,2011,72.24968,81.449631,1
1009,2012,74.687416,81.449631,1
1009,2013,71.940063,81.449631,1
1010,2010,49.363503,75.158798,1
1010,2011,45.866592,75.158798,1
1010,2012,47.595409,75.158798,1
1010,2013,53.598095,75.158798,1
1011,2010,55.667641,74.84713,1
1011,2011,52.191765,74.84713,1
1011,2012,53.554462,74.84713,1
1011,2013,60.322407,74.84713,1
1012,2010,53.109257,67.08989,1
1012,2011,53.382336,67.08989,1
1012,2012,58.1143,67.08989,1
1012,2013,64.923332,67.08989,1
1013,2010,44.843449,71.474106,0
1013,2011,48.492188,71.474106,0
1013,2012,51.256413,71.474106,0
1013,2013,60.587791,71.474106,0
1014,2010,55.584072,81.353714,1
1014,2011,52.555073,81.353714,1
1014,2012,49.963791,81.353714,1
1014,2013,53.614357,81.353714,1
1015,2010,47.145538,70.209511,0
1015,2011,47.03421,70.209511,0
1015,2012,46.512871,70.209511,0
1015,2013,44.725578,70.209511,0
1016,2010,35.667393,58.41819,0
1016,2011,38.501614,58.41819,0
1016,2012,43.344044,58.41819,0
1016,2013,49.720165,58.41819,0
1017,2010,44.31797,72.722534,0
1017,2011,39.232803,72.722534,0
1017,2012,37.758411,72.722534,0
1017,2013,34.312843,72.722534,0
1018,2010,44.32003,55.61903,0
1018,2011,47.520512,55.61903,0
1018,2012,54.317215,55.61903,0
1018,2013,57.439075,55.61903,0
1019,2010,36.262897,57.422161,0
1019,2011,38.24614,57.422161,0
1019,2012,37.510704,57.422161,0
1019,2013,36.497681,57.422161,0
1020,2010,30.624954,56.141205,0
1020,2011,33.362167,56.141205,0
1020,2012,40.649071,56.141205,0
1020,2013,38.623657,56.141205,0
1021,2010,45.310139,68.741249,0
1021,2011,43.672409,68.741249,0
1021,2012,47.770119,68.741249,0
1021,2013,44.589642,68.741249,0
1022,2010,58.421955,82.230507,1
1022,2011,62.50761,82.230507,1
1022,2012,56.788078,82.230507,1
1022,2013,54.18689,82.230507,1
1023,2010,41.694347,73.352394,1
1023,2011,42.739342,73.352394,1
1023,2012,50.258976,73.352394,1
1023,2013,56.797588,73.352394,1
1024,2010,68.403236,85.038803,1
1024,2011,82.6735,85.038803,1
1024,2012,80.823486,85.038803,1
1024,2013,87.933258,85.038803,1
1025,2010,37.716225,63.799324,0
1025,2011,38.041145,63.799324,0
1025,2012,43.517914,63.799324,0
1025,2013,45.633068,63.799324,0
1026,2010,36.735123,57.62273,0
1026,2011,28.610992,57.62273,0
1026,2012,32.217976,57.62273,0
1026,2013,34.064209,57.62273,0
1027,2010,48.895416,80.301888,1
1027,2011,54.830124,80.301888,1
1027,2012,54.704361,80.301888,1
1027,2013,60.25853,80.301888,1
1028,2010,46.038128,64.91568,1
1028,2011,38.232635,64.91568,1
1028,2012,39.910454,64.91568,1
1028,2013,50.657452,64.91568,1
1029,2010,43.265282,81.745094,0
1029,2011,40.15456,81.745094,0
1029,2012,42.120953,81.745094,0
1029,2013,43.711369,81.745094,0
1030,2010,62.759026,86.013626,1
1030,2011,73.252991,86.013626,1
1030,2012,74.321892,86.013626,1
1030,2013,74.831207,86.013626,1
1031,2010,42.798195,74.711838,0
1031,2011,46.9039,74.711838,0
1031,2012,54.01939,74.711838,0
1031,2013,60.918007,74.711838,0
1032,2010,55.79826,71.386971,0
1032,2011,60.210152,71.386971,0
1032,2012,61.104671,71.386971,0
1032,2013,65.94754,71.386971,0
1033,2010,43.186153,52.125839,0
1033,2011,40.517113,52.125839,0
1033,2012,41.38245,52.125839,0
1033,2013,45.815102,52.125839,0
1034,2010,42.297398,77.945831,1
1034,2011,48.874302,77.945831,1
1034,2012,51.912312,77.945831,1
1034,2013,53.457268,77.945831,1
1035,2010,67.894257,82.88945,1
1035,2011,79.368034,82.88945,1
1035,2012,85.669296,82.88945,1
1035,2013,93.606522,82.88945,1
1036,2010,45.515156,72.52475,0
1036,2011,44.091347,72.52475,0
1036,2012,58.510967,72.52475,0
1036,2013,54.789268,72.52475,0
1037,2010,49.9398,56.802322,0
1037,2011,51.612888,56.802322,0
1037,2012,50.082394,56.802322,0
1037,2013,42.489731,56.802322,0
1038,2010,52.163052,71.648102,1
1038,2011,51.485371,71.648102,1
1038,2012,59.812473,71.648102,1
1038,2013,66.712746,71.648102,1
1039,2010,38.255398,65.1688,0
1039,2011,41.402851,65.1688,0
1039,2012,46.130001,65.1688,0
1039,2013,55.844894,65.1688,0
1040,2010,68.017731,84.195663,0
1040,2011,72.158195,84.195663,0
1040,2012,79.219131,84.195663,0
1040,2013,81.369827,84.195663,0
1041,2010,45.434196,65.229248,0
1041,2011,48.547089,65.229248,0
1041,2012,45.646156,65.229248,0
1041,2013,42.126095,65.229248,0
1042,2010,40.334034,66.579857,1
1042,2011,42.4114,66.579857,1
1042,2012,46.326668,66.579857,1
1042,2013,49.018753,66.579857,1
1043,2010,49.047962,70.320717,0
1043,2011,51.291546,70.320717,0
1043,2012,56.480541,70.320717,0
1043,2013,60.500824,70.320717,0
1044,2010,45.053989,69.288437,0
1044,2011,46.444149,69.288437,0
1044,2012,57.095013,69.288437,0
1044,2013,57.389423,69.288437,0
1045,2010,54.733406,72.870819,0
1045,2011,53.268456,72.870819,0
1045,2012,54.153332,72.870819,0
1045,2013,57.816967,72.870819,0
1046,2010,45.715443,67.74704,0
1046,2011,49.601311,67.74704,0
1046,2012,58.193794,67.74704,0
1046,2013,66.630745,67.74704,0
1047,2010,35.341568,63.33585,0
1047,2011,29.35363,63.33585,0
1047,2012,30.037857,63.33585,0
1047,2013,29.598728,63.33585,0
1048,2010,56.376671,80.505554,1
1048,2011,58.678822,80.505554,1
1048,2012,59.858654,80.505554,1
1048,2013,69.340576,80.505554,1
1049,2010,46.82954,61.83342,0
1049,2011,45.976933,61.83342,0
1049,2012,52.177158,61.83342,0
1049,2013,54.006256,61.83342,0
1050,2010,58.557854,86.964577,1
1050,2011,59.883713,86.964577,1
1050,2012,61.808617,86.964577,1
1050,2013,76.645424,86.964577,1
1051,2010,42.676857,59.324421,1
1051,2011,53.105175,59.324421,1
1051,2012,52.287621,59.324421,1
1051,2013,68.498253,59.324421,1
1052,2010,43.023109,78.543571,1
1052,2011,35.831924,78.543571,1
1052,2012,30.54195,78.543571,1
1052,2013,38.107784,78.543571,1
1053,2010,48.880329,71.052628,0
1053,2011,56.658539,71.052628,0
1053,2012,53.983894,71.052628,0
1053,2013,59.966232,71.052628,0
1054,2010,55.374653,64.246323,0
1054,2011,48.891354,64.246323,0
1054,2012,47.13139,64.246323,0
1054,2013,53.129539,64.246323,0
1055,2010,54.995705,69.447594,0
1055,2011,50.615841,69.447594,0
1055,2012,51.901356,69.447594,0
1055,2013,67.755363,69.447594,0
1056,2010,45.79974,77.023468,1
1056,2011,38.512016,77.023468,1
1056,2012,45.78442,77.023468,1
1056,2013,49.81435,77.023468,1
1057,2010,51.067486,74.308975,1
1057,2011,52.279186,74.308975,1
1057,2012,59.571407,74.308975,1
1057,2013,69.502441,74.308975,1
1058,2010,61.410755,70.448578,1
1058,2011,69.772888,70.448578,1
1058,2012,70.822037,70.448578,1
1058,2013,77.317284,70.448578,1
1059,2010,48.369717,69.276878,1
1059,2011,55.056267,69.276878,1
1059,2012,66.833954,69.276878,1
1059,2013,65.197144,69.276878,1
1060,2010,59.715492,91.20282,1
1060,2011,64.596855,91.20282,1
1060,2012,65.777046,91.20282,1
1060,2013,70.160782,91.20282,1
1061,2010,45.005428,75.83873,0
1061,2011,50.165474,75.83873,0
1061,2012,54.651539,75.83873,0
1061,2013,55.496887,75.83873,0
1062,2010,53.323273,77.521736,0
1062,2011,49.977428,77.521736,0
1062,2012,59.28233,77.521736,0
1062,2013,59.393124,77.521736,0
1063,2010,59.575054,78.275566,1
1063,2011,58.269547,78.275566,1
1063,2012,58.625942,78.275566,1
1063,2013,66.834282,78.275566,1
1064,2010,53.467899,74.034164,0
1064,2011,53.946354,74.034164,0
1064,2012,62.341713,74.034164,0
1064,2013,56.758648,74.034164,0
1065,2010,53.062595,82.461708,0
1065,2011,57.697861,82.461708,0
1065,2012,62.300655,82.461708,0
1065,2013,49.602955,82.461708,0
1066,2010,54.797493,76.874802,1
1066,2011,54.765343,76.874802,1
1066,2012,60.5802,76.874802,1
1066,2013,70.201302,76.874802,1
1067,2010,60.077187,85.471291,1
1067,2011,61.820625,85.471291,1
1067,2012,64.780319,85.471291,1
1067,2013,67.355186,85.471291,1
1068,2010,47.862053,75.000694,0
1068,2011,52.888134,75.000694,0
1068,2012,46.609303,75.000694,0
1068,2013,48.089336,75.000694,0
1069,2010,53.156536,63.921463,1
1069,2011,65.507172,63.921463,1
1069,2012,67.465385,63.921463,1
1069,2013,71.752457,63.921463,1
1070,2010,39.469921,66.434669,1
1070,2011,29.898272,66.434669,1
1070,2012,27.687229,66.434669,1
1070,2013,31.178846,66.434669,1
1071,2010,53.89463,73.280785,1
1071,2011,51.214172,73.280785,1
1071,2012,61.548664,73.280785,1
1071,2013,78.477783,73.280785,1
1072,2010,49.652802,75.051208,1
1072,2011,43.764839,75.051208,1
1072,2012,51.574745,75.051208,1
1072,2013,58.666531,75.051208,1
1073,2010,57.458313,71.609192,1
1073,2011,69.068146,71.609192,1
1073,2012,77.156197,71.609192,1
1073,2013,85.596985,71.609192,1
1074,2010,46.732628,65.972252,0
1074,2011,54.429802,65.972252,0
1074,2012,53.56958,65.972252,0
1074,2013,58.070038,65.972252,0
1075,2010,39.735916,63.614914,0
1075,2011,47.9063,63.614914,0
1075,2012,54.6017,63.614914,0
1075,2013,55.765591,63.614914,0
1076,2010,56.033928,77.239372,0
1076,2011,66.084923,77.239372,0
1076,2012,69.888069,77.239372,0
1076,2013,71.256149,77.239372,0
1077,2010,40.94939,69.116936,0
1077,2011,41.634262,69.116936,0
1077,2012,43.962688,69.116936,0
1077,2013,49.545242,69.116936,0
1078,2010,52.778984,64.47419,1
1078,2011,46.719955,64.47419,1
1078,2012,47.388313,64.47419,1
1078,2013,52.04158,64.47419,1
1079,2010,56.112785,69.993309,0
1079,2011,56.307995,69.993309,0
1079,2012,59.473663,69.993309,0
1079,2013,63.143955,69.993309,0
1080,2010,46.854359,87.518456,1
1080,2011,45.580933,87.518456,1
1080,2012,53.966003,87.518456,1
1080,2013,65.704987,87.518456,1
1081,2010,41.847492,61.972553,0
1081,2011,41.630253,61.972553,0
1081,2012,43.905655,61.972553,0
1081,2013,45.421787,61.972553,0
1082,2010,37.641781,62.894024,1
1082,2011,35.619347,62.894024,1
1082,2012,32.235405,62.894024,1
1082,2013,40.749428,62.894024,1
1083,2010,66.411224,83.32235,1
1083,2011,53.36771,83.32235,1
1083,2012,58.589554,83.32235,1
1083,2013,72.404747,83.32235,1
1084,2010,41.236828,58.546207,0
1084,2011,43.373039,58.546207,0
1084,2012,45.43018,58.546207,0
1084,2013,45.449703,58.546207,0
1085,2010,30.605356,57.853943,0
1085,2011,35.94191,57.853943,0
1085,2012,44.290688,57.853943,0
1085,2013,44.149586,57.853943,0
1086,2010,46.449562,68.197441,1
1086,2011,48.143661,68.197441,1
1086,2012,46.497341,68.197441,1
1086,2013,48.706524,68.197441,1
1087,2010,51.172951,64.599411,0
1087,2011,45.171879,64.599411,0
1087,2012,51.771339,64.599411,0
1087,2013,50.711861,64.599411,0
1088,2010,41.058891,61.920048,0
1088,2011,45.693573,61.920048,0
1088,2012,47.350639,61.920048,0
1088,2013,46.127274,61.920048,0
1089,2010,42.896145,69.60157,0
1089,2011,38.440052,69.60157,0
1089,2012,51.833763,69.60157,0
1089,2013,51.456364,69.60157,0
1090,2010,67.321419,82.663185,1
1090,2011,68.709908,82.663185,1
1090,2012,81.646919,82.663185,1
1090,2013,88.365044,82.663185,1
1091,2010,45.698174,72.356812,1
1091,2011,60.090874,72.356812,1
1091,2012,60.521202,72.356812,1
1091,2013,71.798973,72.356812,1
1092,2010,29.758879,56.968056,1
1092,2011,27.480055,56.968056,1
1092,2012,34.635345,56.968056,1
1092,2013,39.731358,56.968056,1
1093,2010,54.613667,77.756958,1
1093,2011,45.08551,77.756958,1
1093,2012,43.872147,77.756958,1
1093,2013,53.704525,77.756958,1
1094,2010,54.889927,71.413353,0
1094,2011,46.160648,71.413353,0
1094,2012,49.125393,71.413353,0
1094,2013,42.312145,71.413353,0
1095,2010,61.952038,82.427132,1
1095,2011,73.878288,82.427132,1
1095,2012,76.300758,82.427132,1
1095,2013,84.188431,82.427132,1
1096,2010,48.311737,59.987946,0
1096,2011,47.11356,59.987946,0
1096,2012,52.302261,59.987946,0
1096,2013,53.579258,59.987946,0
1097,2010,48.817417,69.107109,0
1097,2011,49.109795,69.107109,0
1097,2012,38.902756,69.107109,0
1097,2013,34.759525,69.107109,0
1098,2010,51.344975,69.928429,0
1098,2011,53.042812,69.928429,0
1098,2012,55.357418,69.928429,0
1098,2013,60.381516,69.928429,0
1099,2010,59.967831,69.911362,0
1099,2011,59.364368,69.911362,0
1099,2012,62.722649,69.911362,0
1099,2013,68.484032,69.911362,0
1100,2010,52.223148,73.217941,1
1100,2011,55.340633,73.217941,1
1100,2012,57.826649,73.217941,1
1100,2013,67.036758,73.217941,1
1101,2010,39.19315,64.147606,0
1101,2011,40.059376,64.147606,0
1101,2012,45.698299,64.147606,0
1101,2013,50.277992,64.147606,0
1102,2010,44.534866,58.445484,1
1102,2011,41.063442,58.445484,1
1102,2012,44.498226,58.445484,1
1102,2013,52.232285,58.445484,1
1103,2010,65.89286,66.924088,1
1103,2011,69.552582,66.924088,1
1103,2012,66.669922,66.924088,1
1103,2013,73.228561,66.924088,1
1104,2010,57.995144,83.431801,1
1104,2011,58.701736,83.431801,1
1104,2012,64.879967,83.431801,1
1104,2013,79.754456,83.431801,1
1105,2010,64.887741,72.710381,1
1105,2011,69.924629,72.710381,1
1105,2012,70.018486,72.710381,1
1105,2013,74.469223,72.710381,1
1106,2010,46.686726,71.469032,0
1106,2011,46.792507,71.469032,0
1106,2012,47.425655,71.469032,0
1106,2013,42.177433,71.469032,0
1107,2010,45.255943,70.727295,0
1107,2011,49.966206,70.727295,0
1107,2012,55.436676,70.727295,0
1107,2013,54.619461,70.727295,0
1108,2010,39.350368,52.212204,0
1108,2011,33.443821,52.212204,0
1108,2012,38.150539,52.212204,0
1108,2013,43.410736,52.212204,0
1109,2010,44.995373,67.009712,1
1109,2011,49.670368,67.009712,1
1109,2012,53.73119,67.009712,1
1109,2013,64.753311,67.009712,1
1110,2010,47.256531,62.132305,0
1110,2011,46.6959,62.132305,0
1110,2012,47.974007,62.132305,0
1110,2013,49.964451,62.132305,0
1111,2010,43.815044,67.974869,1
1111,2011,46.921917,67.974869,1
1111,2012,44.302559,67.974869,1
1111,2013,45.064686,67.974869,1
1112,2010,47.298534,65.571342,0
1112,2011,54.20594,65.571342,0
1112,2012,55.985828,65.571342,0
1112,2013,60.250824,65.571342,0
1113,2010,78.76326,86.818588,1
1113,2011,81.871925,86.818588,1
1113,2012,90.081108,86.818588,1
1113,2013,95.897141,86.818588,1
1114,2010,41.805576,50.950897,0
1114,2011,46.79599,50.950897,0
1114,2012,50.064022,50.950897,0
1114,2013,47.20076,50.950897,0
1115,2010,67.976631,93.106628,1
1115,2011,76.053612,93.106628,1
1115,2012,80.009895,93.106628,1
1115,2013,88.100471,93.106628,1
1116,2010,41.276688,71.775818,0
1116,2011,36.782757,71.775818,0
1116,2012,48.140797,71.775818,0
1116,2013,44.214931,71.775818,0
1117,2010,50.152542,61.575802,0
1117,2011,53.408745,61.575802,0
1117,2012,50.654266,61.575802,0
1117,2013,55.980076,61.575802,0
1118,2010,38.803101,59.297268,1
1118,2011,39.765041,59.297268,1
1118,2012,42.046066,59.297268,1
1118,2013,49.306408,59.297268,1
1119,2010,49.425049,73.452591,0
1119,2011,55.456722,73.452591,0
1119,2012,51.156986,73.452591,0
1119,2013,45.30389,73.452591,0
1120,2010,44.800865,57.309795,0
1120,2011,44.15234,57.309795,0
1120,2012,55.584324,57.309795,0
1120,2013,47.795128,57.309795,0
1121,2010,29.464931,55.665394,0
1121,2011,30.167286,55.665394,0
1121,2012,37.492733,55.665394,0
1121,2013,33.787605,55.665394,0
1122,2010,56.89053,66.236412,1
1122,2011,62.311451,66.236412,1
1122,2012,64.96019,66.236412,1
1122,2013,69.487823,66.236412,1
1123,2010,58.36858,74.629982,1
1123,2011,61.823639,74.629982,1
1123,2012,59.932095,74.629982,1
1123,2013,71.813606,74.629982,1
1124,2010,69.541962,88.738457,1
1124,2011,74.108711,88.738457,1
1124,2012,82.205231,88.738457,1
1124,2013,94.332741,88.738457,1
1125,2010,42.623882,64.706802,0
1125,2011,45.780102,64.706802,0
1125,2012,48.160892,64.706802,0
1125,2013,52.28841,64.706802,0
1126,2010,39.077682,63.870602,1
1126,2011,34.335968,63.870602,1
1126,2012,33.651798,63.870602,1
1126,2013,39.433891,63.870602,1
1127,2010,56.488235,73.455925,1
1127,2011,60.137295,73.455925,1
1127,2012,65.409157,73.455925,1
1127,2013,77.604637,73.455925,1
1128,2010,54.778931,68.620064,0
1128,2011,64.172012,68.620064,0
1128,2012,68.94709,68.620064,0
1128,2013,73.715385,68.620064,0
1129,2010,58.009403,67.148628,0
1129,2011,68.741249,67.148628,0
1129,2012,66.79924,67.148628,0
1129,2013,67.400826,67.148628,0
1130,2010,49.01181,60.150478,0
1130,2011,51.390244,60.150478,0
1130,2012,57.67709,60.150478,0
1130,2013,58.213764,60.150478,0
1131,2010,50.403812,78.331757,1
1131,2011,58.022282,78.331757,1
1131,2012,57.485088,78.331757,1
1131,2013,65.795822,78.331757,1
1132,2010,53.008877,75.719719,0
1132,2011,54.898865,75.719719,0
1132,2012,50.212364,75.719719,0
1132,2013,46.00835,75.719719,0
1133,2010,41.625095,62.870121,0
1133,2011,43.65184,62.870121,0
1133,2012,40.086037,62.870121,0
1133,2013,42.245926,62.870121,0
1134,2010,43.586395,66.540924,0
1134,2011,48.60461,66.540924,0
1134,2012,52.641266,66.540924,0
1134,2013,55.745987,66.540924,0
1135,2010,39.930035,54.481216,0
1135,2011,42.567116,54.481216,0
1135,2012,41.183464,54.481216,0
1135,2013,42.851025,54.481216,0
1136,2010,50.867416,80.559853,1
1136,2011,58.894676,80.559853,1
1136,2012,64.127594,80.559853,1
1136,2013,67.776726,80.559853,1
1137,2010,56.495945,78.081772,1
1137,2011,61.110348,78.081772,1
1137,2012,64.111069,78.081772,1
1137,2013,71.548012,78.081772,1
1138,2010,52.807285,83.862595,1
1138,2011,59.920856,83.862595,1
1138,2012,57.883503,83.862595,1
1138,2013,65.075844,83.862595,1
1139,2010,68.396111,82.599586,1
1139,2011,56.818386,82.599586,1
1139,2012,58.429932,82.599586,1
1139,2013,62.564846,82.599586,1
1140,2010,58.925499,76.18158,0
1140,2011,71.306732,76.18158,0
1140,2012,74.092529,76.18158,0
1140,2013,76.533997,76.18158,0
1141,2010,65.708412,71.333054,0
1141,2011,68.154373,71.333054,0
1141,2012,83.839668,71.333054,0
1141,2013,86.879456,71.333054,0
1142,2010,56.219624,66.977058,0
1142,2011,57.18692,66.977058,0
1142,2012,57.211254,66.977058,0
1142,2013,68.324738,66.977058,0
1143,2010,47.992336,79.990211,0
1143,2011,49.89101,79.990211,0
1143,2012,45.304741,79.990211,0
1143,2013,54.228798,79.990211,0
1144,2010,27.563419,44.344311,0
1144,2011,26.336374,44.344311,0
1144,2012,25.153008,44.344311,0
1144,2013,25.724585,44.344311,0
1145,2010,54.514744,79.604233,1
1145,2011,62.600613,79.604233,1
1145,2012,65.812782,79.604233,1
1145,2013,73.681885,79.604233,1
1146,2010,46.16132,74.958931,1
1146,2011,37.716999,74.958931,1
1146,2012,46.501896,74.958931,1
1146,2013,48.622181,74.958931,1
1147,2010,70.444046,88.688141,0
1147,2011,76.14209,88.688141,0
1147,2012,79.914238,88.688141,0
1147,2013,74.349419,88.688141,0
1148,2010,61.099819,83.336197,1
1148,2011,62.838078,83.336197,1
1148,2012,67.956802,83.336197,1
1148,2013,74.8489,83.336197,1
1149,2010,50.041012,72.230141,0
1149,2011,50.742741,72.230141,0
1149,2012,49.954327,72.230141,0
1149,2013,39.179848,72.230141,0
1150,2010,56.74715,77.181435,1
1150,2011,54.879822,77.181435,1
1150,2012,54.5867,77.181435,1
1150,2013,59.671089,77.181435,1
1151,2010,54.065117,59.745972,0
1151,2011,57.287457,59.745972,0
1151,2012,54.682175,59.745972,0
1151,2013,58.842773,59.745972,0
1152,2010,58.603928,73.446602,1
1152,2011,56.341805,73.446602,1
1152,2012,56.550896,73.446602,1
1152,2013,62.077656,73.446602,1
1153,2010,63.415142,77.273331,0
1153,2011,62.779415,77.273331,0
1153,2012,67.935555,77.273331,0
1153,2013,65.420067,77.273331,0
1154,2010,73.86718,90.166153,1
1154,2011,73.691399,90.166153,1
1154,2012,76.184052,90.166153,1
1154,2013,83.566757,90.166153,1
1155,2010,51.271603,69.676453,1
1155,2011,51.841713,69.676453,1
1155,2012,60.331512,69.676453,1
1155,2013,62.452053,69.676453,1
1156,2010,71.093056,75.506134,0
1156,2011,67.313141,75.506134,0
1156,2012,72.169212,75.506134,0
1156,2013,72.573502,75.506134,0
1157,2010,53.895763,69.375481,0
1157,2011,56.655876,69.375481,0
1157,2012,56.805553,69.375481,0
1157,2013,61.239838,69.375481,0
1158,2010,35.408474,54.646732,0
1158,2011,30.62928,54.646732,0
1158,2012,28.765459,54.646732,0
1158,2013,18.745699,54.646732,0
1159,2010,47.38895,52.447598,0
1159,2011,57.13517,52.447598,0
1159,2012,54.45253,52.447598,0
1159,2013,57.243328,52.447598,0
1160,2010,58.694099,84.48175,1
1160,2011,65.827446,84.48175,1
1160,2012,69.42569,84.48175,1
1160,2013,79.727242,84.48175,1
1161,2010,49.374908,62.287758,0
1161,2011,57.933414,62.287758,0
1161,2012,56.414837,62.287758,0
1161,2013,58.190464,62.287758,0
1162,2010,51.827774,74.712509,0
1162,2011,51.838203,74.712509,0
1162,2012,54.765106,74.712509,0
1162,2013,56.924892,74.712509,0
1163,2010,40.071693,61.028431,0
1163,2011,36.739105,61.028431,0
1163,2012,40.407436,61.028431,0
1163,2013,47.310299,61.028431,0
1164,2010,56.076878,85.861565,1
1164,2011,54.220058,85.861565,1
1164,2012,60.192974,85.861565,1
1164,2013,70.365189,85.861565,1
1165,2010,55.446793,81.714287,1
1165,2011,50.837132,81.714287,1
1165,2012,56.184937,81.714287,1
1165,2013,60.785408,81.714287,1
1166,2010,38.456238,76.09948,0
1166,2011,40.259449,76.09948,0
1166,2012,44.424858,76.09948,0
1166,2013,43.592594,76.09948,0
1167,2010,50.149368,74.232407,0
1167,2011,58.93972,74.232407,0
1167,2012,54.574741,74.232407,0
1167,2013,56.540478,74.232407,0
1168,2010,64.31881,92.953133,1
1168,2011,65.468185,92.953133,1
1168,2012,66.320534,92.953133,1
1168,2013,72.811981,92.953133,1
1169,2010,61.53632,78.333496,1
1169,2011,65.811859,78.333496,1
1169,2012,71.405396,78.333496,1
1169,2013,77.763138,78.333496,1
1170,2010,50.705635,75.843033,1
1170,2011,56.586445,75.843033,1
1170,2012,59.74205,75.843033,1
1170,2013,74.687111,75.843033,1
1171,2010,55.971989,78.711266,0
1171,2011,65.998657,78.711266,0
1171,2012,61.980236,78.711266,0
1171,2013,54.553612,78.711266,0
1172,2010,41.991776,71.706741,1
1172,2011,38.176186,71.706741,1
1172,2012,50.843143,71.706741,1
1172,2013,58.723236,71.706741,1
1173,2010,43.41037,58.111637,1
1173,2011,53.057388,58.111637,1
1173,2012,48.266617,58.111637,1
1173,2013,48.913296,58.111637,1
1174,2010,50.483219,81.151642,1
1174,2011,60.826069,81.151642,1
1174,2012,59.844421,81.151642,1
1174,2013,72.779091,81.151642,1
1175,2010,40.839207,70.528053,0
1175,2011,45.483494,70.528053,0
1175,2012,50.668186,70.528053,0
1175,2013,55.628193,70.528053,0
1176,2010,50.71806,76.745369,1
1176,2011,52.073788,76.745369,1
1176,2012,54.505127,76.745369,1
1176,2013,67.134087,76.745369,1
1177,2010,47.525887,72.939766,1
1177,2011,40.187317,72.939766,1
1177,2012,43.271893,72.939766,1
1177,2013,57.565781,72.939766,1
1178,2010,35.821129,64.41272,0
1178,2011,34.906792,64.41272,0
1178,2012,42.406506,64.41272,0
1178,2013,40.079918,64.41272,0
1179,2010,63.405857,66.627731,1
1179,2011,66.827652,66.627731,1
1179,2012,66.354355,66.627731,1
1179,2013,73.984612,66.627731,1
1180,2010,40.983841,65.3908,0
1180,2011,37.594898,65.3908,0
1180,2012,45.279549,65.3908,0
1180,2013,50.361267,65.3908,0
1181,2010,42.398655,53.521,0
1181,2011,45.16217,53.521,0
1181,2012,43.873074,53.521,0
1181,2013,39.724102,53.521,0
1182,2010,55.750183,75.354279,1
1182,2011,62.039482,75.354279,1
1182,2012,72.329269,75.354279,1
1182,2013,75.881241,75.354279,1
1183,2010,45.379772,65.148766,1
1183,2011,44.981552,65.148766,1
1183,2012,45.958923,65.148766,1
1183,2013,51.637405,65.148766,1
1184,2010,54.575466,61.303802,0
1184,2011,60.23563,61.303802,0
1184,2012,61.980923,61.303802,0
1184,2013,65.99218,61.303802,0
1185,2010,40.923042,61.351559,1
1185,2011,40.436897,61.351559,1
1185,2012,43.492516,61.351559,1
1185,2013,53.410961,61.351559,1
1186,2010,49.030666,68.319099,1
1186,2011,49.765907,68.319099,1
1186,2012,59.826595,68.319099,1
1186,2013,64.806618,68.319099,1
1187,2010,44.286659,56.648273,1
1187,2011,51.802551,56.648273,1
1187,2012,49.186558,56.648273,1
1187,2013,44.719475,56.648273,1
1188,2010,55.711082,76.217087,1
1188,2011,51.272785,76.217087,1
1188,2012,51.788021,76.217087,1
1188,2013,61.182327,76.217087,1
1189,2010,53.825592,68.487083,1
1189,2011,60.267651,68.487083,1
1189,2012,52.880486,68.487083,1
1189,2013,63.721615,68.487083,1
1190,2010,43.088634,63.951447,0
1190,2011,47.016239,63.951447,0
1190,2012,50.698208,63.951447,0
1190,2013,44.849106,63.951447,0
1191,2010,59.547997,70.895424,1
1191,2011,65.462837,70.895424,1
1191,2012,68.05529,70.895424,1
1191,2013,74.020378,70.895424,1
1192,2010,64.271378,74.073532,1
1192,2011,71.405716,74.073532,1
1192,2012,64.940895,74.073532,1
1192,2013,73.310875,74.073532,1
1193,2010,34.939537,61.123981,0
1193,2011,42.68861,61.123981,0
1193,2012,41.112228,61.123981,0
1193,2013,40.520302,61.123981,0
1194,2010,51.544758,72.21479,0
1194,2011,53.263588,72.21479,0
1194,2012,50.593391,72.21479,0
1194,2013,51.731495,72.21479,0
1195,2010,45.840977,65.938751,1
1195,2011,48.95826,65.938751,1
1195,2012,49.244007,65.938751,1
1195,2013,44.435059,65.938751,1
1196,2010,58.795319,75.824974,0
1196,2011,61.377163,75.824974,0
1196,2012,68.899696,75.824974,0
1196,2013,77.130051,75.824974,0
1197,2010,48.107109,71.002762,0
1197,2011,60.532333,71.002762,0
1197,2012,71.258728,71.002762,0
1197,2013,75.280418,71.002762,0
1198,2010,50.275093,67.362938,0
1198,2011,55.53857,67.362938,0
1198,2012,57.990482,67.362938,0
1198,2013,60.110237,67.362938,0
1199,2010,49.301647,58.808315,0
1199,2011,51.947174,58.808315,0
1199,2012,58.801376,58.808315,0
1199,2013,56.814816,58.808315,0
1200,2010,47.283607,66.249962,1
1200,2011,54.53006,66.249962,1
1200,2012,51.59103,66.249962,1
1200,2013,54.279312,66.249962,1
1201,2010,63.124027,74.288322,1
1201,2011,58.30827,74.288322,1
1201,2012,59.110779,74.288322,1
1201,2013,74.602371,74.288322,1
1202,2010,50.474689,68.814636,1
1202,2011,56.941029,68.814636,1
1202,2012,55.705292,68.814636,1
1202,2013,66.110703,68.814636,1
1203,2010,53.969017,65.181252,0
1203,2011,52.940094,65.181252,0
1203,2012,49.784195,65.181252,0
1203,2013,52.336617,65.181252,0
1204,2010,37.582176,57.454628,0
1204,2011,33.569317,57.454628,0
1204,2012,39.942852,57.454628,0
1204,2013,38.358673,57.454628,0
1205,2010,56.433792,87.287315,1
1205,2011,58.293152,87.287315,1
1205,2012,52.391285,87.287315,1
1205,2013,61.957985,87.287315,1
1206,2010,41.341114,56.604916,0
1206,2011,51.421185,56.604916,0
1206,2012,46.653591,56.604916,0
1206,2013,48.601692,56.604916,0
1207,2010,52.952518,71.993462,0
1207,2011,53.657196,71.993462,0
1207,2012,54.552872,71.993462,0
1207,2013,57.162651,71.993462,0
1208,2010,67.609055,86.657883,0
1208,2011,65.686691,86.657883,0
1208,2012,66.551353,86.657883,0
1208,2013,64.071022,86.657883,0
1209,2010,63.202423,81.406921,1
1209,2011,83.463966,81.406921,1
1209,2012,83.207329,81.406921,1
1209,2013,87.892731,81.406921,1
1210,2010,32.61404,62.262527,0
1210,2011,31.340164,62.262527,0
1210,2012,35.315166,62.262527,0
1210,2013,46.598526,62.262527,0
1211,2010,35.222454,58.335712,0
1211,2011,45.059666,58.335712,0
1211,2012,46.670269,58.335712,0
1211,2013,42.667595,58.335712,0
1212,2010,55.027325,73.914993,0
1212,2011,58.795486,73.914993,0
1212,2012,51.528625,73.914993,0
1212,2013,54.237534,73.914993,0
1213,2010,53.162861,68.61795,1
1213,2011,58.177032,68.61795,1
1213,2012,56.739475,68.61795,1
1213,2013,65.161598,68.61795,1
1214,2010,49.256542,61.787418,0
1214,2011,52.219353,61.787418,0
1214,2012,47.217888,61.787418,0
1214,2013,59.503094,61.787418,0
1215,2010,56.444038,78.937523,1
1215,2011,69.643921,78.937523,1
1215,2012,72.642212,78.937523,1
1215,2013,75.269516,78.937523,1
1216,2010,56.397552,88.802895,1
1216,2011,57.646606,88.802895,1
1216,2012,66.979202,88.802895,1
1216,2013,71.514832,88.802895,1
1217,2010,47.299759,64.007607,0
1217,2011,45.988037,64.007607,0
1217,2012,48.990856,64.007607,0
1217,2013,51.708996,64.007607,0
1218,2010,41.914394,60.627869,0
1218,2011,43.891888,60.627869,0
1218,2012,43.346016,60.627869,0
1218,2013,45.472065,60.627869,0
1219,2010,44.693134,71.411537,0
1219,2011,56.005234,71.411537,0
1219,2012,59.457958,71.411537,0
1219,2013,71.26767,71.411537,0
1220,2010,40.518303,59.034546,0
1220,2011,47.842846,59.034546,0
1220,2012,52.327217,59.034546,0
1220,2013,61.447197,59.034546,0
1221,2010,30.156603,44.688667,0
1221,2011,32.465942,44.688667,0
1221,2012,37.230961,44.688667,0
1221,2013,33.432487,44.688667,0
1222,2010,56.744545,81.06971,1
1222,2011,61.383511,81.06971,1
1222,2012,67.858398,81.06971,1
1222,2013,66.793739,81.06971,1
1223,2010,57.896385,71.178215,1
1223,2011,58.583138,71.178215,1
1223,2012,61.333984,71.178215,1
1223,2013,66.149666,71.178215,1
1224,2010,48.751743,65.963463,0
1224,2011,53.112118,65.963463,0
1224,2012,62.886204,65.963463,0
1224,2013,52.975842,65.963463,0
1225,2010,36.324074,50.974751,0
1225,2011,36.699448,50.974751,0
1225,2012,38.518864,50.974751,0
1225,2013,37.285313,50.974751,0
1226,2010,57.600857,64.137482,0
1226,2011,62.578968,64.137482,0
1226,2012,65.76519,64.137482,0
1226,2013,62.17078,64.137482,0
1227,2010,33.842468,61.117786,1
1227,2011,42.30653,61.117786,1
1227,2012,43.722527,61.117786,1
1227,2013,56.131134,61.117786,1
1228,2010,49.786312,68.185326,0
1228,2011,64.402634,68.185326,0
1228,2012,68.654114,68.185326,0
1228,2013,62.601742,68.185326,0
1229,2010,67.128906,80.47049,1
1229,2011,64.636078,80.47049,1
1229,2012,67.899475,80.47049,1
1229,2013,67.192772,80.47049,1
1230,2010,54.840656,81.552032,1
1230,2011,48.745987,81.552032,1
1230,2012,49.639431,81.552032,1
1230,2013,67.748276,81.552032,1
1231,2010,57.043072,73.894348,0
1231,2011,58.088345,73.894348,0
1231,2012,55.168869,73.894348,0
1231,2013,56.599331,73.894348,0
1232,2010,52.169621,68.882584,0
1232,2011,46.709892,68.882584,0
1232,2012,44.250145,68.882584,0
1232,2013,51.923588,68.882584,0
1233,2010,64.534576,84.603798,1
1233,2011,64.911255,84.603798,1
1233,2012,66.197884,84.603798,1
1233,2013,75.700089,84.603798,1
1234,2010,65.021278,82.782173,1
1234,2011,67.108002,82.782173,1
1234,2012,65.804375,82.782173,1
1234,2013,73.982132,82.782173,1
1235,2010,55.137482,82.174118,1
1235,2011,59.992409,82.174118,1
1235,2012,62.36018,82.174118,1
1235,2013,71.617561,82.174118,1
1236,2010,39.902401,61.189899,0
1236,2011,44.410652,61.189899,0
1236,2012,50.240246,61.189899,0
1236,2013,50.891426,61.189899,0
1237,2010,49.911304,69.113144,1
1237,2011,53.276245,69.113144,1
1237,2012,55.595776,69.113144,1
1237,2013,68.263138,69.113144,1
1238,2010,49.873356,79.891281,0
1238,2011,48.70118,79.891281,0
1238,2012,46.81179,79.891281,0
1238,2013,45.410648,79.891281,0
1239,2010,49.297489,77.093193,1
1239,2011,49.93042,77.093193,1
1239,2012,53.504013,77.093193,1
1239,2013,65.680107,77.093193,1
1240,2010,61.224232,76.117935,1
1240,2011,69.12072,76.117935,1
1240,2012,67.050308,76.117935,1
1240,2013,64.606262,76.117935,1
1241,2010,45.075306,77.723679,1
1241,2011,51.324368,77.723679,1
1241,2012,58.271057,77.723679,1
1241,2013,65.183228,77.723679,1
1242,2010,56.851353,67.554749,0
1242,2011,57.46434,67.554749,0
1242,2012,55.787712,67.554749,0
1242,2013,58.273445,67.554749,0
1243,2010,58.363792,70.881721,0
1243,2011,67.680389,70.881721,0
1243,2012,59.493896,70.881721,0
1243,2013,62.611008,70.881721,0
1244,2010,65.185455,80.40744,1
1244,2011,56.315945,80.40744,1
1244,2012,46.682476,80.40744,1
1244,2013,51.615566,80.40744,1
1245,2010,48.976803,84.056732,1
1245,2011,56.55632,84.056732,1
1245,2012,56.841351,84.056732,1
1245,2013,65.91983,84.056732,1
1246,2010,43.079189,79.322098,1
1246,2011,41.479874,79.322098,1
1246,2012,35.273136,79.322098,1
1246,2013,48.050205,79.322098,1
1247,2010,53.723518,68.105988,1
1247,2011,54.310223,68.105988,1
1247,2012,55.126163,68.105988,1
1247,2013,62.398605,68.105988,1
1248,2010,49.87923,73.157356,1
1248,2011,50.149067,73.157356,1
1248,2012,56.677776,73.157356,1
1248,2013,65.677483,73.157356,1
1249,2010,42.980675,66.066429,1
1249,2011,38.364494,66.066429,1
1249,2012,33.759655,66.066429,1
1249,2013,45.351425,66.066429,1
1250,2010,55.287495,70.823906,0
1250,2011,52.985317,70.823906,0
1250,2012,50.361122,70.823906,0
1250,2013,66.373482,70.823906,0
1251,2010,78.015564,92.493202,1
1251,2011,84.686256,92.493202,1
1251,2012,79.871628,92.493202,1
1251,2013,84.395142,92.493202,1
1252,2010,24.479458,60.228939,0
1252,2011,24.355671,60.228939,0
1252,2012,29.772457,60.228939,0
1252,2013,40.61013,60.228939,0
1253,2010,47.900795,55.029766,0
1253,2011,49.934193,55.029766,0
1253,2012,48.210949,55.029766,0
1253,2013,53.270977,55.029766,0
1254,2010,47.00219,58.294891,1
1254,2011,48.661552,58.294891,1
1254,2012,56.021774,58.294891,1
1254,2013,60.011806,58.294891,1
1255,2010,56.051662,71.345879,0
1255,2011,62.805859,71.345879,0
1255,2012,70.047981,71.345879,0
1255,2013,69.432014,71.345879,0
1256,2010,59.543983,74.338989,1
1256,2011,66.735466,74.338989,1
1256,2012,59.64127,74.338989,1
1256,2013,63.080448,74.338989,1
1257,2010,44.361797,79.483261,0
1257,2011,50.230709,79.483261,0
1257,2012,61.615299,79.483261,0
1257,2013,58.72422,79.483261,0
1258,2010,43.595688,75.746643,0
1258,2011,53.308113,75.746643,0
1258,2012,56.115585,75.746643,0
1258,2013,60.751858,75.746643,0
1259,2010,41.305225,65.404251,0
1259,2011,36.623711,65.404251,0
1259,2012,32.381618,65.404251,0
1259,2013,33.813671,65.404251,0
1260,2010,47.369843,80.250801,1
1260,2011,59.014393,80.250801,1
1260,2012,59.065815,80.250801,1
1260,2013,63.196003,80.250801,1
1261,2010,54.571224,71.590103,0
1261,2011,55.975128,71.590103,0
1261,2012,57.111443,71.590103,0
1261,2013,54.233318,71.590103,0
1262,2010,53.53627,69.596024,1
1262,2011,54.748486,69.596024,1
1262,2012,52.056091,69.596024,1
1262,2013,59.024761,69.596024,1
1263,2010,46.926243,67.309837,0
1263,2011,55.603504,67.309837,0
1263,2012,50.98745,67.309837,0
1263,2013,53.939659,67.309837,0
1264,2010,51.028069,74.881065,1
1264,2011,51.410957,74.881065,1
1264,2012,57.814819,74.881065,1
1264,2013,63.366295,74.881065,1
1265,2010,50.731384,73.695396,0
1265,2011,51.068565,73.695396,0
1265,2012,42.107857,73.695396,0
1265,2013,41.61829,73.695396,0
1266,2010,46.207447,73.506996,0
1266,2011,46.485371,73.506996,0
1266,2012,41.066368,73.506996,0
1266,2013,50.464176,73.506996,0
1267,2010,73.614693,103.17517,1
1267,2011,80.151283,103.17517,1
1267,2012,92.484901,103.17517,1
1267,2013,99.133522,103.17517,1
1268,2010,48.429226,74.792381,1
1268,2011,44.902908,74.792381,1
1268,2012,40.433136,74.792381,1
1268,2013,42.549221,74.792381,1
1269,2010,41.903221,66.990356,0
1269,2011,42.857067,66.990356,0
1269,2012,40.17437,66.990356,0
1269,2013,46.288368,66.990356,0
1270,2010,45.473194,72.321312,1
1270,2011,64.076523,72.321312,1
1270,2012,70.123672,72.321312,1
1270,2013,79.313484,72.321312,1
1271,2010,50.301727,70.037354,0
1271,2011,49.143425,70.037354,0
1271,2012,50.666279,70.037354,0
1271,2013,48.53249,70.037354,0
1272,2010,60.993069,74.638397,0
1272,2011,63.764721,74.638397,0
1272,2012,65.101982,74.638397,0
1272,2013,79.205681,74.638397,0
1273,2010,46.309559,76.289772,1
1273,2011,49.206005,76.289772,1
1273,2012,54.352154,76.289772,1
1273,2013,56.386658,76.289772,1
1274,2010,52.731079,69.091766,1
1274,2011,54.443581,69.091766,1
1274,2012,53.412971,69.091766,1
1274,2013,64.043808,69.091766,1
1275,2010,46.138039,58.891407,0
1275,2011,53.334469,58.891407,0
1275,2012,53.463821,58.891407,0
1275,2013,54.629177,58.891407,0
1276,2010,41.926861,66.752312,0
1276,2011,44.121479,66.752312,0
1276,2012,40.804245,66.752312,0
1276,2013,47.337135,66.752312,0
1277,2010,37.948765,50.536144,0
1277,2011,41.923771,50.536144,0
1277,2012,34.962677,50.536144,0
1277,2013,44.647388,50.536144,0
1278,2010,39.018997,69.955208,1
1278,2011,39.248158,69.955208,1
1278,2012,41.989063,69.955208,1
1278,2013,57.234039,69.955208,1
1279,2010,43.164726,64.469994,1
1279,2011,42.825642,64.469994,1
1279,2012,37.157635,64.469994,1
1279,2013,37.692429,64.469994,1
1280,2010,51.836826,78.226883,1
1280,2011,60.404064,78.226883,1
1280,2012,52.965549,78.226883,1
1280,2013,65.004082,78.226883,1
1281,2010,47.32608,73.301353,0
1281,2011,53.481602,73.301353,0
1281,2012,48.674248,73.301353,0
1281,2013,57.680729,73.301353,0
1282,2010,49.366127,75.229645,1
1282,2011,54.64566,75.229645,1
1282,2012,60.323288,75.229645,1
1282,2013,61.448597,75.229645,1
1283,2010,56.315968,74.664276,1
1283,2011,56.87915,74.664276,1
1283,2012,57.77327,74.664276,1
1283,2013,68.730255,74.664276,1
1284,2010,52.707699,82.243317,1
1284,2011,54.462601,82.243317,1
1284,2012,59.374004,82.243317,1
1284,2013,64.560974,82.243317,1
1285,2010,61.343307,78.334373,1
1285,2011,65.717171,78.334373,1
1285,2012,70.720436,78.334373,1
1285,2013,71.193932,78.334373,1
1286,2010,60.182014,56.425438,0
1286,2011,66.717445,56.425438,0
1286,2012,72.891014,56.425438,0
1286,2013,81.725098,56.425438,0
1287,2010,57.687008,89.087685,1
1287,2011,69.315582,89.087685,1
1287,2012,75.601639,89.087685,1
1287,2013,93.549934,89.087685,1
1288,2010,36.820995,68.61747,0
1288,2011,40.884235,68.61747,0
1288,2012,38.971588,68.61747,0
1288,2013,50.996323,68.61747,0
1289,2010,35.033031,53.575092,1
1289,2011,34.266479,53.575092,1
1289,2012,35.445057,53.575092,1
1289,2013,42.784084,53.575092,1
1290,2010,77.123886,96.026093,1
1290,2011,86.912437,96.026093,1
1290,2012,86.726448,96.026093,1
1290,2013,98.134445,96.026093,1
1291,2010,60.722977,77.122055,1
1291,2011,68.688377,77.122055,1
1291,2012,66.221642,77.122055,1
1291,2013,77.452492,77.122055,1
1292,2010,57.682568,77.711029,1
1292,2011,57.157692,77.711029,1
1292,2012,59.980534,77.711029,1
1292,2013,67.34259,77.711029,1
1293,2010,45.27993,61.99733,0
1293,2011,45.139313,61.99733,0
1293,2012,47.563873,61.99733,0
1293,2013,41.814365,61.99733,0
1294,2010,38.261127,70.848053,1
1294,2011,41.348732,70.848053,1
1294,2012,49.24506,70.848053,1
1294,2013,54.72599,70.848053,1
1295,2010,48.595657,70.120117,0
1295,2011,54.775311,70.120117,0
1295,2012,61.424675,70.120117,0
1295,2013,62.008877,70.120117,0
1296,2010,44.419163,62.444599,0
1296,2011,50.63879,62.444599,0
1296,2012,49.54491,62.444599,0
1296,2013,50.246765,62.444599,0
1297,2010,46.701164,77.765114,1
1297,2011,45.926754,77.765114,1
1297,2012,53.542919,77.765114,1
1297,2013,67.763046,77.765114,1
1298,2010,66.209648,89.783569,1
1298,2011,67.767197,89.783569,1
1298,2012,61.853157,89.783569,1
1298,2013,68.968544,89.783569,1
1299,2010,58.95351,78.146248,1
1299,2011,63.403366,78.146248,1
1299,2012,73.054886,78.146248,1
1299,2013,84.47332,78.146248,1
1300,2010,70.503304,68.632713,1
1300,2011,72.398323,68.632713,1
1300,2012,68.324219,68.632713,1
1300,2013,77.766212,68.632713,1
1301,2010,72.754967,86.217262,1
1301,2011,68.652214,86.217262,1
1301,2012,76.427383,86.217262,1
1301,2013,80.064285,86.217262,1
1302,2010,70.920654,79.703758,1
1302,2011,67.734192,79.703758,1
1302,2012,68.805511,79.703758,1
1302,2013,74.821335,79.703758,1
1303,2010,44.837566,69.222702,0
1303,2011,47.133335,69.222702,0
1303,2012,39.678425,69.222702,0
1303,2013,32.520679,69.222702,0
1304,2010,67.250771,89.211182,1
1304,2011,70.600616,89.211182,1
1304,2012,68.030556,89.211182,1
1304,2013,76.899239,89.211182,1
1305,2010,53.314529,63.981461,0
1305,2011,51.611423,63.981461,0
1305,2012,48.153255,63.981461,0
1305,2013,38.669327,63.981461,0
1306,2010,46.960335,78.550842,0
1306,2011,52.526031,78.550842,0
1306,2012,45.104618,78.550842,0
1306,2013,48.372356,78.550842,0
1307,2010,46.294529,78.533302,1
1307,2011,44.846226,78.533302,1
1307,2012,42.202774,78.533302,1
1307,2013,46.032936,78.533302,1
1308,2010,66.530106,82.20446,1
1308,2011,57.797131,82.20446,1
1308,2012,55.079277,82.20446,1
1308,2013,62.049377,82.20446,1
1309,2010,24.095062,44.860435,0
1309,2011,24.31188,44.860435,0
1309,2012,25.94363,44.860435,0
1309,2013,35.866379,44.860435,0
1310,2010,48.156551,74.402321,1
1310,2011,45.622337,74.402321,1
1310,2012,42.996304,74.402321,1
1310,2013,55.818253,74.402321,1
1311,2010,57.058346,88.199554,1
1311,2011,56.688663,88.199554,1
1311,2012,63.597225,88.199554,1
1311,2013,62.954945,88.199554,1
1312,2010,32.340134,73.898537,1
1312,2011,32.669571,73.898537,1
1312,2012,36.754372,73.898537,1
1312,2013,41.741421,73.898537,1
1313,2010,54.851765,62.9557,0
1313,2011,52.987808,62.9557,0
1313,2012,56.535507,62.9557,0
1313,2013,59.162624,62.9557,0
1314,2010,59.023163,82.805717,0
1314,2011,54.02689,82.805717,0
1314,2012,65.137718,82.805717,0
1314,2013,58.886478,82.805717,0
1315,2010,48.436111,80.371651,0
1315,2011,60.519539,80.371651,0
1315,2012,68.600189,80.371651,0
1315,2013,74.099327,80.371651,0
1316,2010,63.348606,95.179405,1
1316,2011,68.873627,95.179405,1
1316,2012,68.386063,95.179405,1
1316,2013,75.073601,95.179405,1
1317,2010,56.156876,82.522659,1
1317,2011,67.966019,82.522659,1
1317,2012,73.080475,82.522659,1
1317,2013,77.504402,82.522659,1
1318,2010,48.515205,77.682823,1
1318,2011,52.650841,77.682823,1
1318,2012,63.667248,77.682823,1
1318,2013,72.334435,77.682823,1
1319,2010,45.079857,53.619354,0
1319,2011,47.359962,53.619354,0
1319,2012,50.934994,53.619354,0
1319,2013,56.75066,53.619354,0
1320,2010,54.031162,75.930428,1
1320,2011,58.360455,75.930428,1
1320,2012,58.236961,75.930428,1
1320,2013,67.735306,75.930428,1
1321,2010,51.465221,87.056786,1
1321,2011,42.174328,87.056786,1
1321,2012,49.634327,87.056786,1
1321,2013,59.894917,87.056786,1
1322,2010,59.866478,71.523872,1
1322,2011,64.539879,71.523872,1
1322,2012,64.789009,71.523872,1
1322,2013,71.103951,71.523872,1
1323,2010,45.376968,66.499222,0
1323,2011,42.28698,66.499222,0
1323,2012,48.842915,66.499222,0
1323,2013,51.584316,66.499222,0
1324,2010,47.471985,64.584396,0
1324,2011,43.719185,64.584396,0
1324,2012,53.605949,64.584396,0
1324,2013,51.887596,64.584396,0
1325,2010,69.492439,74.954514,0
1325,2011,51.201576,74.954514,0
1325,2012,55.855099,74.954514,0
1325,2013,61.818871,74.954514,0
1326,2010,55.695179,85.765869,1
1326,2011,52.675156,85.765869,1
1326,2012,58.751381,85.765869,1
1326,2013,68.963501,85.765869,1
1327,2010,58.188835,77.058273,0
1327,2011,62.931576,77.058273,0
1327,2012,64.780487,77.058273,0
1327,2013,69.118782,77.058273,0
1328,2010,45.214485,61.633842,0
1328,2011,51.63866,61.633842,0
1328,2012,51.13427,61.633842,0
1328,2013,55.422516,61.633842,0
1329,2010,54.588512,76.289703,1
1329,2011,52.270145,76.289703,1
1329,2012,61.251026,76.289703,1
1329,2013,65.93454,76.289703,1
1330,2010,60.672432,79.833015,1
1330,2011,60.029819,79.833015,1
1330,2012,52.993313,79.833015,1
1330,2013,58.217743,79.833015,1
1331,2010,56.812302,72.374695,0
1331,2011,65.611839,72.374695,0
1331,2012,73.693413,72.374695,0
1331,2013,78.87281,72.374695,0
1332,2010,49.520687,62.148636,1
1332,2011,46.1567,62.148636,1
1332,2012,38.615173,62.148636,1
1332,2013,43.819717,62.148636,1
1333,2010,33.917992,59.693233,1
1333,2011,37.755108,59.693233,1
1333,2012,46.498962,59.693233,1
1333,2013,50.17028,59.693233,1
1334,2010,43.013203,71.72049,1
1334,2011,46.103836,71.72049,1
1334,2012,45.518284,71.72049,1
1334,2013,55.917187,71.72049,1
1335,2010,49.483669,65.68084,0
1335,2011,60.040237,65.68084,0
1335,2012,61.672886,65.68084,0
1335,2013,62.690063,65.68084,0
1336,2010,43.680416,64.569382,0
1336,2011,47.036713,64.569382,0
1336,2012,48.784088,64.569382,0
1336,2013,56.385479,64.569382,0
1337,2010,64.251373,75.769867,1
1337,2011,67.708817,75.769867,1
1337,2012,72.602333,75.769867,1
1337,2013,82.465736,75.769867,1
1338,2010,50.524792,60.856525,0
1338,2011,56.396988,60.856525,0
1338,2012,63.939812,60.856525,0
1338,2013,60.778481,60.856525,0
1339,2010,54.089767,70.285095,1
1339,2011,61.324005,70.285095,1
1339,2012,69.777565,70.285095,1
1339,2013,74.34996,70.285095,1
1340,2010,30.831713,52.995163,0
1340,2011,27.165888,52.995163,0
1340,2012,24.473841,52.995163,0
1340,2013,22.228931,52.995163,0
1341,2010,67.221191,75.676033,1
1341,2011,70.075989,75.676033,1
1341,2012,80.015923,75.676033,1
1341,2013,86.363892,75.676033,1
1342,2010,44.51339,63.939873,0
1342,2011,50.828526,63.939873,0
1342,2012,50.286438,63.939873,0
1342,2013,57.02301,63.939873,0
1343,2010,53.529869,64.296921,0
1343,2011,51.599545,64.296921,0
1343,2012,61.813175,64.296921,0
1343,2013,61.240349,64.296921,0
1344,2010,63.678467,80.384979,1
1344,2011,67.509674,80.384979,1
1344,2012,61.999092,80.384979,1
1344,2013,78.561188,80.384979,1
1345,2010,60.608772,82.036743,0
1345,2011,62.520737,82.036743,0
1345,2012,69.866165,82.036743,0
1345,2013,75.750526,82.036743,0
1346,2010,44.459675,62.706211,0
1346,2011,51.692924,62.706211,0
1346,2012,49.717731,62.706211,0
1346,2013,54.097626,62.706211,0
1347,2010,56.507229,88.529984,1
1347,2011,54.148621,88.529984,1
1347,2012,57.617062,88.529984,1
1347,2013,58.465412,88.529984,1
1348,2010,56.897453,63.233181,1
1348,2011,47.517174,63.233181,1
1348,2012,55.157997,63.233181,1
1348,2013,59.460144,63.233181,1
1349,2010,51.917614,83.235733,1
1349,2011,40.43037,83.235733,1
1349,2012,40.87022,83.235733,1
1349,2013,42.868641,83.235733,1
1350,2010,52.773762,75.521469,0
1350,2011,50.862091,75.521469,0
1350,2012,53.011108,75.521469,0
1350,2013,55.674488,75.521469,0
1351,2010,52.036274,77.243279,0
1351,2011,59.233765,77.243279,0
1351,2012,63.059975,77.243279,0
1351,2013,65.431808,77.243279,0
1352,2010,35.110794,63.255116,1
1352,2011,40.091904,63.255116,1
1352,2012,43.444008,63.255116,1
1352,2013,43.700615,63.255116,1
1353,2010,56.442917,78.33432,0
1353,2011,49.886982,78.33432,0
1353,2012,50.545513,78.33432,0
1353,2013,48.460175,78.33432,0
1354,2010,49.672302,76.320938,1
1354,2011,59.989071,76.320938,1
1354,2012,64.18132,76.320938,1
1354,2013,82.003639,76.320938,1
1355,2010,47.736267,55.440731,0
1355,2011,51.768661,55.440731,0
1355,2012,52.423431,55.440731,0
1355,2013,55.207443,55.440731,0
1356,2010,56.614388,78.777237,1
1356,2011,66.271111,78.777237,1
1356,2012,72.563324,78.777237,1
1356,2013,74.44648,78.777237,1
1357,2010,51.730415,79.341858,0
1357,2011,56.151726,79.341858,0
1357,2012,49.344975,79.341858,0
1357,2013,45.556225,79.341858,0
1358,2010,58.494614,74.660965,1
1358,2011,63.404827,74.660965,1
1358,2012,62.662888,74.660965,1
1358,2013,75.768776,74.660965,1
1359,2010,53.949368,68.503677,0
1359,2011,60.178535,68.503677,0
1359,2012,63.411285,68.503677,0
1359,2013,65.945099,68.503677,0
1360,2010,46.54192,69.114388,0
1360,2011,47.628246,69.114388,0
1360,2012,39.517483,69.114388,0
1360,2013,31.28701,69.114388,0
1361,2010,63.977062,72.690819,1
1361,2011,69.784081,72.690819,1
1361,2012,75.606361,72.690819,1
1361,2013,78.870293,72.690819,1
1362,2010,47.927986,74.848396,1
1362,2011,44.057838,74.848396,1
1362,2012,46.120823,74.848396,1
1362,2013,45.923058,74.848396,1
1363,2010,34.679512,47.829254,0
1363,2011,33.858749,47.829254,0
1363,2012,28.807659,47.829254,0
1363,2013,27.294674,47.829254,0
1364,2010,57.758488,85.724266,1
1364,2011,50.437382,85.724266,1
1364,2012,49.109234,85.724266,1
1364,2013,48.52063,85.724266,1
1365,2010,62.526234,71.931435,0
1365,2011,73.30574,71.931435,0
1365,2012,66.967644,71.931435,0
1365,2013,71.324982,71.931435,0
1366,2010,51.107166,57.423092,1
1366,2011,60.417965,57.423092,1
1366,2012,74.404587,57.423092,1
1366,2013,80.286316,57.423092,1
1367,2010,55.968563,85.507568,1
1367,2011,53.182697,85.507568,1
1367,2012,61.805664,85.507568,1
1367,2013,68.458176,85.507568,1
1368,2010,31.433687,55.301632,0
1368,2011,33.096066,55.301632,0
1368,2012,39.271065,55.301632,0
1368,2013,38.212135,55.301632,0
1369,2010,46.6889,72.792641,0
1369,2011,55.308727,72.792641,0
1369,2012,60.63475,72.792641,0
1369,2013,66.735046,72.792641,0
1370,2010,50.779057,71.431549,1
1370,2011,53.226105,71.431549,1
1370,2012,56.055004,71.431549,1
1370,2013,62.261585,71.431549,1
1371,2010,49.674301,64.785995,0
1371,2011,48.59832,64.785995,0
1371,2012,55.583042,64.785995,0
1371,2013,62.613598,64.785995,0
1372,2010,51.302315,75.142799,1
1372,2011,61.178089,75.142799,1
1372,2012,62.874626,75.142799,1
1372,2013,66.666733,75.142799,1
1373,2010,41.62521,74.232048,1
1373,2011,48.452507,74.232048,1
1373,2012,47.532562,74.232048,1
1373,2013,56.641659,74.232048,1
1374,2010,52.423946,71.019775,0
1374,2011,50.518318,71.019775,0
1374,2012,54.801235,71.019775,0
1374,2013,61.07225,71.019775,0
1375,2010,40.982983,75.288559,1
1375,2011,41.328136,75.288559,1
1375,2012,51.706337,75.288559,1
1375,2013,56.031338,75.288559,1
1376,2010,76.180252,88.20153,1
1376,2011,86.3162,88.20153,1
1376,2012,99.588516,88.20153,1
1376,2013,93.754829,88.20153,1
1377,2010,41.807041,60.534428,0
1377,2011,49.238087,60.534428,0
1377,2012,48.278854,60.534428,0
1377,2013,59.057499,60.534428,0
1378,2010,48.521801,72.515396,0
1378,2011,43.373516,72.515396,0
1378,2012,44.621021,72.515396,0
1378,2013,35.215195,72.515396,0
1379,2010,41.789764,66.27626,1
1379,2011,36.215664,66.27626,1
1379,2012,28.448858,66.27626,1
1379,2013,38.715298,66.27626,1
1380,2010,54.560612,68.016594,0
1380,2011,50.468636,68.016594,0
1380,2012,56.51162,68.016594,0
1380,2013,53.928177,68.016594,0
1381,2010,36.646347,70.471817,0
1381,2011,39.255444,70.471817,0
1381,2012,38.154232,70.471817,0
1381,2013,43.217937,70.471817,0
1382,2010,65.86853,84.982071,1
1382,2011,70.753365,84.982071,1
1382,2012,67.741531,84.982071,1
1382,2013,67.104111,84.982071,1
1383,2010,49.531136,66.194321,1
1383,2011,40.314938,66.194321,1
1383,2012,35.670547,66.194321,1
1383,2013,50.388821,66.194321,1
1384,2010,51.425785,74.412186,0
1384,2011,57.211514,74.412186,0
1384,2012,50.33717,74.412186,0
1384,2013,50.919621,74.412186,0
1385,2010,61.967785,79.411552,1
1385,2011,64.742378,79.411552,1
1385,2012,68.74984,79.411552,1
1385,2013,73.207214,79.411552,1
1386,2010,60.16943,81.787445,1
1386,2011,59.056332,81.787445,1
1386,2012,64.108849,81.787445,1
1386,2013,73.958282,81.787445,1
1387,2010,65.542358,66.659386,0
1387,2011,73.472122,66.659386,0
1387,2012,75.60778,66.659386,0
1387,2013,77.828506,66.659386,0
1388,2010,49.06781,71.384781,1
1388,2011,50.987537,71.384781,1
1388,2012,50.10025,71.384781,1
1388,2013,60.104668,71.384781,1
1389,2010,51.007347,64.413811,0
1389,2011,51.583031,64.413811,0
1389,2012,64.502769,64.413811,0
1389,2013,72.950195,64.413811,0
1390,2010,20.934715,38.120911,0
1390,2011,22.227661,38.120911,0
1390,2012,23.919512,38.120911,0
1390,2013,21.958494,38.120911,0
1391,2010,44.956074,64.711304,0
1391,2011,39.09045,64.711304,0
1391,2012,36.293552,64.711304,0
1391,2013,28.230577,64.711304,0
1392,2010,49.187366,70.761253,0
1392,2011,44.094963,70.761253,0
1392,2012,46.402412,70.761253,0
1392,2013,48.706753,70.761253,0
1393,2010,47.010872,63.58691,0
1393,2011,51.638157,63.58691,0
1393,2012,45.924934,63.58691,0
1393,2013,49.904133,63.58691,0
1394,2010,56.332626,83.683632,1
1394,2011,63.582951,83.683632,1
1394,2012,74.574181,83.683632,1
1394,2013,86.568748,83.683632,1
1395,2010,61.942707,86.56559,1
1395,2011,71.698341,86.56559,1
1395,2012,73.948883,86.56559,1
1395,2013,77.8936,86.56559,1
1396,2010,39.603497,65.813538,0
1396,2011,34.778339,65.813538,0
1396,2012,37.611023,65.813538,0
1396,2013,36.860374,65.813538,0
1397,2010,31.908003,59.001003,0
1397,2011,25.416613,59.001003,0
1397,2012,25.940567,59.001003,0
1397,2013,27.461079,59.001003,0
1398,2010,56.106567,67.23732,1
1398,2011,61.976448,67.23732,1
1398,2012,62.788425,67.23732,1
1398,2013,73.89814,67.23732,1
1399,2010,55.437412,70.397919,1
1399,2011,48.721207,70.397919,1
1399,2012,51.343983,70.397919,1
1399,2013,59.320908,70.397919,1
1400,2010,48.135761,72.726059,1
1400,2011,43.975227,72.726059,1
1400,2012,49.211235,72.726059,1
1400,2013,58.241924,72.726059,1
1401,2010,41.342316,67.626045,1
1401,2011,46.019032,67.626045,1
1401,2012,40.689117,67.626045,1
1401,2013,46.773972,67.626045,1
1402,2010,32.157623,55.200115,0
1402,2011,39.463001,55.200115,0
1402,2012,36.962818,55.200115,0
1402,2013,38.577774,55.200115,0
1403,2010,44.995842,73.958458,1
1403,2011,43.073792,73.958458,1
1403,2012,37.936909,73.958458,1
1403,2013,45.804691,73.958458,1
1404,2010,52.34647,68.863823,1
1404,2011,58.415531,68.863823,1
1404,2012,63.421486,68.863823,1
1404,2013,60.123539,68.863823,1
1405,2010,49.051712,61.824024,0
1405,2011,48.94709,61.824024,0
1405,2012,45.682545,61.824024,0
1405,2013,42.231293,61.824024,0
1406,2010,53.309532,68.573593,0
1406,2011,43.771301,68.573593,0
1406,2012,42.385242,68.573593,0
1406,2013,51.79858,68.573593,0
1407,2010,53.250549,74.848671,0
1407,2011,56.794399,74.848671,0
1407,2012,54.618702,74.848671,0
1407,2013,55.865219,74.848671,0
1408,2010,55.888233,81.260765,1
1408,2011,56.236282,81.260765,1
1408,2012,62.315807,81.260765,1
1408,2013,70.652206,81.260765,1
1409,2010,46.088718,61.16095,1
1409,2011,54.428551,61.16095,1
1409,2012,47.284718,61.16095,1
1409,2013,49.444546,61.16095,1
1410,2010,44.809689,66.825958,0
1410,2011,48.720451,66.825958,0
1410,2012,55.327248,66.825958,0
1410,2013,45.841793,66.825958,0
1411,2010,57.640057,73.578857,1
1411,2011,62.242405,73.578857,1
1411,2012,63.550362,73.578857,1
1411,2013,76.017029,73.578857,1
1412,2010,53.238377,71.67804,1
1412,2011,49.292603,71.67804,1
1412,2012,52.742039,71.67804,1
1412,2013,65.67189,71.67804,1
1413,2010,45.106636,63.7654,0
1413,2011,52.034115,63.7654,0
1413,2012,55.132957,63.7654,0
1413,2013,56.672379,63.7654,0
1414,2010,61.034824,87.097855,1
1414,2011,58.623665,87.097855,1
1414,2012,58.057369,87.097855,1
1414,2013,68.260689,87.097855,1
1415,2010,54.860188,77.442833,1
1415,2011,55.347397,77.442833,1
1415,2012,48.125732,77.442833,1
1415,2013,56.718525,77.442833,1
1416,2010,51.170689,68.656822,0
1416,2011,55.51524,68.656822,0
1416,2012,65.665352,68.656822,0
1416,2013,64.069138,68.656822,0
1417,2010,37.471889,74.364731,0
1417,2011,36.803528,74.364731,0
1417,2012,38.83741,74.364731,0
1417,2013,39.098907,74.364731,0
1418,2010,48.246567,66.203835,0
1418,2011,48.718063,66.203835,0
1418,2012,58.867531,66.203835,0
1418,2013,68.919586,66.203835,0
1419,2010,54.244976,68.851456,0
1419,2011,66.637642,68.851456,0
1419,2012,64.365982,68.851456,0
1419,2013,68.862282,68.851456,0
1420,2010,65.427231,77.911217,0
1420,2011,68.720703,77.911217,0
1420,2012,73.944695,77.911217,0
1420,2013,81.214684,77.911217,0
1421,2010,53.65876,71.381996,1
1421,2011,60.653362,71.381996,1
1421,2012,63.502769,71.381996,1
1421,2013,69.636093,71.381996,1
1422,2010,52.216801,69.471855,0
1422,2011,55.411808,69.471855,0
1422,2012,55.025398,69.471855,0
1422,2013,52.354622,69.471855,0
1423,2010,37.806293,67.173897,1
1423,2011,33.012787,67.173897,1
1423,2012,27.63018,67.173897,1
1423,2013,33.966919,67.173897,1
1424,2010,36.144253,59.054508,0
1424,2011,35.319843,59.054508,0
1424,2012,38.878853,59.054508,0
1424,2013,37.228741,59.054508,0
1425,2010,55.469784,79.90847,1
1425,2011,52.053535,79.90847,1
1425,2012,54.46217,79.90847,1
1425,2013,62.284763,79.90847,1
1426,2010,60.620766,75.994415,1
1426,2011,66.308128,75.994415,1
1426,2012,62.164986,75.994415,1
1426,2013,74.89283,75.994415,1
1427,2010,38.754665,72.502739,0
1427,2011,41.234612,72.502739,0
1427,2012,32.996113,72.502739,0
1427,2013,32.351391,72.502739,0
1428,2010,56.722439,74.324089,1
1428,2011,56.473843,74.324089,1
1428,2012,54.942696,74.324089,1
1428,2013,63.784481,74.324089,1
1429,2010,51.918442,64.135452,0
1429,2011,61.81871,64.135452,0
1429,2012,65.508156,64.135452,0
1429,2013,68.911713,64.135452,0
1430,2010,48.540932,62.476425,1
1430,2011,58.965973,62.476425,1
1430,2012,58.00975,62.476425,1
1430,2013,66.182816,62.476425,1
1431,2010,57.521908,75.375702,0
1431,2011,61.455765,75.375702,0
1431,2012,69.534889,75.375702,0
1431,2013,66.473892,75.375702,0
1432,2010,51.90657,68.113487,1
1432,2011,49.99538,68.113487,1
1432,2012,59.921818,68.113487,1
1432,2013,63.398041,68.113487,1
1433,2010,33.815273,57.449635,1
1433,2011,36.509941,57.449635,1
1433,2012,45.583324,57.449635,1
1433,2013,46.522602,57.449635,1
1434,2010,32.125221,64.91848,0
1434,2011,30.958624,64.91848,0
1434,2012,28.333288,64.91848,0
1434,2013,28.816902,64.91848,0
1435,2010,50.013542,82.893036,1
1435,2011,51.232647,82.893036,1
1435,2012,44.170971,82.893036,1
1435,2013,52.512161,82.893036,1
1436,2010,33.690662,47.637997,0
1436,2011,35.230103,47.637997,0
1436,2012,42.362347,47.637997,0
1436,2013,36.694931,47.637997,0
1437,2010,51.098297,79.60923,1
1437,2011,49.949417,79.60923,1
1437,2012,53.641594,79.60923,1
1437,2013,62.689686,79.60923,1
1438,2010,50.517719,62.258671,0
1438,2011,65.830719,62.258671,0
1438,2012,64.512085,62.258671,0
1438,2013,69.492523,62.258671,0
1439,2010,54.147541,81.412621,0
1439,2011,55.359535,81.412621,0
1439,2012,56.251701,81.412621,0
1439,2013,51.952175,81.412621,0
1440,2010,63.047031,64.907265,0
1440,2011,53.290558,64.907265,0
1440,2012,55.296894,64.907265,0
1440,2013,56.970604,64.907265,0
1441,2010,46.548393,61.2267,0
1441,2011,49.787468,61.2267,0
1441,2012,55.634827,61.2267,0
1441,2013,50.728294,61.2267,0
1442,2010,36.830074,63.80928,0
1442,2011,43.555145,63.80928,0
1442,2012,43.914509,63.80928,0
1442,2013,37.155712,63.80928,0
1443,2010,43.481236,52.27298,0
1443,2011,39.64259,52.27298,0
1443,2012,36.790436,52.27298,0
1443,2013,37.305882,52.27298,0
1444,2010,39.748192,85.748344,1
1444,2011,41.306896,85.748344,1
1444,2012,37.801048,85.748344,1
1444,2013,44.647163,85.748344,1
1445,2010,55.835571,78.394806,1
1445,2011,68.002243,78.394806,1
1445,2012,58.909657,78.394806,1
1445,2013,69.238136,78.394806,1
1446,2010,38.19952,62.307163,0
1446,2011,38.094494,62.307163,0
1446,2012,36.143204,62.307163,0
1446,2013,30.072117,62.307163,0
1447,2010,49.755932,74.629967,1
1447,2011,52.82988,74.629967,1
1447,2012,57.241718,74.629967,1
1447,2013,68.774315,74.629967,1
1448,2010,43.778912,64.266151,0
1448,2011,52.929264,64.266151,0
1448,2012,50.897774,64.266151,0
1448,2013,58.180389,64.266151,0
1449,2010,32.831287,57.195473,0
1449,2011,33.858093,57.195473,0
1449,2012,33.353539,57.195473,0
1449,2013,40.914188,57.195473,0
1450,2010,50.709389,76.360855,0
1450,2011,53.387146,76.360855,0
1450,2012,57.443226,76.360855,0
1450,2013,63.538513,76.360855,0
1451,2010,55.809975,71.512787,0
1451,2011,51.635254,71.512787,0
1451,2012,52.588497,71.512787,0
1451,2013,52.986774,71.512787,0
1452,2010,67.135025,69.615067,1
1452,2011,72.928146,69.615067,1
1452,2012,75.060379,69.615067,1
1452,2013,82.176498,69.615067,1
1453,2010,61.926697,86.989281,1
1453,2011,62.351265,86.989281,1
1453,2012,65.022453,86.989281,1
1453,2013,74.161324,86.989281,1
1454,2010,40.776295,76.589745,1
1454,2011,47.415863,76.589745,1
1454,2012,42.11348,76.589745,1
1454,2013,56.486042,76.589745,1
1455,2010,47.055805,63.764332,1
1455,2011,49.231964,63.764332,1
1455,2012,54.129868,63.764332,1
1455,2013,59.939846,63.764332,1
1456,2010,66.625008,80.009857,1
1456,2011,67.390671,80.009857,1
1456,2012,71.763359,80.009857,1
1456,2013,81.807861,80.009857,1
1457,2010,48.754978,70.289413,1
1457,2011,52.359127,70.289413,1
1457,2012,51.172714,70.289413,1
1457,2013,61.742558,70.289413,1
1458,2010,34.331543,65.917572,0
1458,2011,44.896275,65.917572,0
1458,2012,40.545483,65.917572,0
1458,2013,36.215782,65.917572,0
1459,2010,47.759846,81.005676,0
1459,2011,49.026878,81.005676,0
1459,2012,60.499775,81.005676,0
1459,2013,52.261559,81.005676,0
1460,2010,56.452492,74.112228,1
1460,2011,65.580132,74.112228,1
1460,2012,63.221935,74.112228,1
1460,2013,66.894821,74.112228,1
1461,2010,55.872192,78.343208,1
1461,2011,65.629326,78.343208,1
1461,2012,64.355209,78.343208,1
1461,2013,70.39048,78.343208,1
1462,2010,59.459618,80.937881,1
1462,2011,60.883808,80.937881,1
1462,2012,60.345707,80.937881,1
1462,2013,70.611015,80.937881,1
1463,2010,37.240803,63.784851,1
1463,2011,42.874767,63.784851,1
1463,2012,44.919621,63.784851,1
1463,2013,44.294209,63.784851,1
1464,2010,54.74762,74.119194,0
1464,2011,49.979721,74.119194,0
1464,2012,52.588634,74.119194,0
1464,2013,61.465595,74.119194,0
1465,2010,50.887177,68.291054,0
1465,2011,50.03524,68.291054,0
1465,2012,47.248158,68.291054,0
1465,2013,43.78326,68.291054,0
1466,2010,41.972572,63.500767,0
1466,2011,52.080639,63.500767,0
1466,2012,58.508015,63.500767,0
1466,2013,53.558304,63.500767,0
1467,2010,46.760113,62.959698,1
1467,2011,44.114193,62.959698,1
1467,2012,53.712372,62.959698,1
1467,2013,63.097904,62.959698,1
1468,2010,32.050411,54.598011,0
1468,2011,32.574245,54.598011,0
1468,2012,25.276714,54.598011,0
1468,2013,26.612137,54.598011,0
1469,2010,49.131699,64.556961,0
1469,2011,51.374557,64.556961,0
1469,2012,49.129051,64.556961,0
1469,2013,56.59618,64.556961,0
1470,2010,46.705494,76.522118,1
1470,2011,48.606548,76.522118,1
1470,2012,55.661873,76.522118,1
1470,2013,55.048786,76.522118,1
1471,2010,47.930336,51.99419,0
1471,2011,61.860676,51.99419,0
1471,2012,65.082039,51.99419,0
1471,2013,62.071049,51.99419,0
1472,2010,39.800091,64.165451,1
1472,2011,41.981945,64.165451,1
1472,2012,40.68808,64.165451,1
1472,2013,51.660728,64.165451,1
1473,2010,41.311131,73.257339,0
1473,2011,48.909588,73.257339,0
1473,2012,54.710659,73.257339,0
1473,2013,52.195496,73.257339,0
1474,2010,35.91925,66.281075,1
1474,2011,32.960045,66.281075,1
1474,2012,34.305225,66.281075,1
1474,2013,42.018539,66.281075,1
1475,2010,53.806442,77.781952,1
1475,2011,61.481697,77.781952,1
1475,2012,55.363182,77.781952,1
1475,2013,50.231819,77.781952,1
1476,2010,39.485188,54.797691,0
1476,2011,36.375904,54.797691,0
1476,2012,45.006523,54.797691,0
1476,2013,53.801079,54.797691,0
1477,2010,54.045353,69.419884,0
1477,2011,57.033459,69.419884,0
1477,2012,52.563049,69.419884,0
1477,2013,49.654251,69.419884,0
1478,2010,74.590126,93.150307,1
1478,2011,73.943657,93.150307,1
1478,2012,79.395699,93.150307,1
1478,2013,85.618355,93.150307,1
1479,2010,56.296974,80.818459,1
1479,2011,59.876736,80.818459,1
1479,2012,59.067612,80.818459,1
1479,2013,61.483501,80.818459,1
1480,2010,47.450024,81.373886,1
1480,2011,49.380367,81.373886,1
1480,2012,61.192986,81.373886,1
1480,2013,62.470387,81.373886,1
1481,2010,38.638447,62.717625,0
1481,2011,39.072716,62.717625,0
1481,2012,37.455711,62.717625,0
1481,2013,46.263771,62.717625,0
1482,2010,48.141327,80.262009,1
1482,2011,55.56937,80.262009,1
1482,2012,64.18116,80.262009,1
1482,2013,63.80814,80.262009,1
1483,2010,49.256737,68.235847,0
1483,2011,44.329685,68.235847,0
1483,2012,43.15876,68.235847,0
1483,2013,54.005459,68.235847,0
1484,2010,50.701366,79.649117,1
1484,2011,55.587952,79.649117,1
1484,2012,66.70871,79.649117,1
1484,2013,75.657623,79.649117,1
1485,2010,52.341736,71.298744,1
1485,2011,57.279072,71.298744,1
1485,2012,53.534592,71.298744,1
1485,2013,60.14447,71.298744,1
1486,2010,45.092342,63.924942,0
1486,2011,49.790497,63.924942,0
1486,2012,49.582523,63.924942,0
1486,2013,52.233505,63.924942,0
1487,2010,48.063553,69.862144,1
1487,2011,52.293922,69.862144,1
1487,2012,61.55278,69.862144,1
1487,2013,66.380951,69.862144,1
1488,2010,54.236259,72.82476,1
1488,2011,55.744308,72.82476,1
1488,2012,56.020447,72.82476,1
1488,2013,63.28973,72.82476,1
1489,2010,59.381672,68.463982,1
1489,2011,55.403107,68.463982,1
1489,2012,61.13868,68.463982,1
1489,2013,70.292747,68.463982,1
1490,2010,50.295292,64.388329,1
1490,2011,58.855762,64.388329,1
1490,2012,60.113602,64.388329,1
1490,2013,66.264748,64.388329,1
1491,2010,51.256428,83.224266,1
1491,2011,50.030792,83.224266,1
1491,2012,60.856602,83.224266,1
1491,2013,70.944267,83.224266,1
1492,2010,47.809162,70.104721,1
1492,2011,48.531078,70.104721,1
1492,2012,49.546646,70.104721,1
1492,2013,58.041401,70.104721,1
1493,2010,49.905956,75.434036,0
1493,2011,49.019711,75.434036,0
1493,2012,53.393993,75.434036,0
1493,2013,59.57106,75.434036,0
1494,2010,50.893002,64.509857,0
1494,2011,57.044762,64.509857,0
1494,2012,58.650658,64.509857,0
1494,2013,67.776482,64.509857,0
1495,2010,56.590965,74.923622,1
1495,2011,60.611301,74.923622,1
1495,2012,58.389584,74.923622,1
1495,2013,71.342743,74.923622,1
1496,2010,57.297745,65.692413,0
1496,2011,65.697838,65.692413,0
1496,2012,74.329216,65.692413,0
1496,2013,83.612457,65.692413,0
1497,2010,68.965858,93.223923,1
1497,2011,78.735596,93.223923,1
1497,2012,88.020042,93.223923,1
1497,2013,96.171013,93.223923,1
1498,2010,36.684204,56.820446,0
1498,2011,44.020416,56.820446,0
1498,2012,35.660725,56.820446,0
1498,2013,38.234451,56.820446,0
1499,2010,68.657883,84.349136,1
1499,2011,70.402954,84.349136,1
1499,2012,59.761951,84.349136,1
1499,2013,57.758408,84.349136,1
