year,state,dtype,count,pop,age,legal,beertaxa,beerpercap,winepercap,spiritpercap,totpercap,mrate
1970,1,all,292,189770,18.96999,0,1.3737113,.60000002,.090000004,.69999999,1.38,153.87047
1971,1,all,316,195623,18.972181,0,1.3160493,.66000003,.090000004,.75999999,1.52,161.5352
1972,1,all,320,200988,18.974701,0,1.2751197,.74000001,.090000004,.77999997,1.61,159.21349
1973,1,all,291,206550,18.97023,0,1.2004504,.79000002,.1,.79000002,1.6900001,140.88599
1974,1,all,306,213839,18.980139,0,1.0811359,.82999998,.16,.81,1.8,143.09831
1975,1,all,326,220358,18.981335,.29399541,.99070632,.88,.16,.85000002,1.88,147.94107
1976,1,all,299,225486,18.9891,.66507012,.93673104,.88999999,.15000001,.86000001,1.89,132.60246
1977,1,all,332,227667,18.998507,.66846752,.87953794,.99000001,.13,.83999997,1.96,145.82703
1978,1,all,317,228472,18.995041,.66718459,.81748468,.98000002,.12,.88,1.97,138.74785
1979,1,all,309,228193,18.994711,.66809237,.73415977,.98000002,.12,.83999997,1.9400001,135.4117
1980,1,all,276,229794,19.002462,.67225862,.64684463,.95999998,.16,.74000001,1.86,120.10757
1981,1,all,242,228575,19.018663,.67920816,.58635861,1,.19,.73000002,1.92,105.87334
1982,1,all,266,224838,19.015207,.67590886,.55233163,1,.18000001,.72000003,1.89,118.3074
1983,1,all,283,220830,19.01705,.67963141,.53514057,1.01,.17,.70999998,1.89,128.15288
1970,2,all,53,17798,19.147377,.2415109,.64432991,1.1799999,.37,2.0699999,3.6199999,297.78625
1971,2,all,47,18872,19.057652,.70008481,.61728394,1.33,.43000001,2.1500001,3.9100001,249.0462
1972,2,all,42,20860,19.068647,.7017737,.59808612,1.22,.41,1.87,3.5,201.34229
1973,2,all,51,22646,19.082354,.70670319,.56306303,1.26,.43000001,1.87,3.55,225.20534
1974,2,all,56,23430,19.086214,.70874947,.50709939,1.41,.47,1.98,3.8599999,239.00981
1975,2,all,60,25601,19.077536,.7029413,.46468401,1.49,.47,2.1700001,4.1300001,234.36584
1976,2,all,80,27064,19.079479,.70821017,.43936729,1.48,.49000001,2.0599999,4.0300002,295.59561
1977,2,all,70,26808,19.104408,.71833032,.41254127,1.1900001,.41999999,1.7,3.3099999,261.11609
1978,2,all,76,25774,19.113214,.72185147,.38343561,1.39,.44999999,1.6799999,3.52,294.87079
1979,2,all,65,19585,18.915854,.63992852,.34435263,1.5,.47,1.65,3.6199999,331.88666
1980,2,all,51,23291,19.044224,.69095361,.30339804,1.55,.5,1.7,3.76,218.9687
1981,2,all,49,24042,18.983736,.65934616,.27502748,1.71,.56999999,1.8200001,4.0999999,203.81
1982,2,all,56,25953,18.999075,.67741686,.25906736,1.75,.56,1.74,4.0500002,215.77467
1983,2,all,59,27808,19.051281,.69806993,.35140562,1.76,.61000001,1.7,4.0599999,212.16916
1970,4,all,178,96759,18.982018,0,.20618556,1.37,.31999999,1.05,2.73,183.96222
1971,4,all,218,105461,18.997042,0,.19753087,1.38,.34999999,1.08,2.8199999,206.71149
1972,4,all,220,113360,18.993376,.27738747,.19138756,1.49,.34,1.0700001,2.9100001,194.07198
1973,4,all,276,121437,18.99338,.66499501,.18018018,1.5700001,.34,1.09,3,227.27834
1974,4,all,277,128943,19.001745,.66773689,.1622718,1.63,.33000001,1.09,3.0599999,214.82361
1975,4,all,245,134398,18.993624,.66324645,.14869888,1.63,.36000001,1.08,3.0599999,182.29437
1976,4,all,235,139527,19.002207,.67162627,.14059754,1.67,.38999999,1.12,3.1700001,168.42618
1977,4,all,249,144142,19.020132,.67878205,.1320132,1.7,.34,1.05,3.0999999,172.74632
1978,4,all,278,147718,19.021717,.67937559,.12269939,1.77,.37,1.1,3.25,188.19643
1979,4,all,297,153888,19.019676,.67866242,.11019284,1.86,.38999999,1.17,3.4200001,192.9975
1980,4,all,248,159704,19.023581,.68303233,.097087376,1.6900001,.36000001,.98000002,3.03,155.28728
1981,4,all,212,159406,19.032043,.684717,.088008799,1.78,.41999999,1.01,3.22,132.99374
1982,4,all,220,158750,19.024618,.68108976,.082901552,1.74,.40000001,.99000001,3.1300001,138.58267
1983,4,all,197,158134,19.031719,.68719566,.080321282,1.62,.44,1,3.0599999,124.57789
1970,5,all,166,98829,18.949631,0,.41569671,.70999998,.13,.58999997,1.4299999,167.96689
1971,5,all,166,102027,18.975065,0,.39824769,.76999998,.14,.56,1.47,162.70203
1972,5,all,206,105761,18.973988,0,.38586202,.76999998,.13,.56999999,1.47,194.77879
1973,5,all,181,108007,18.961632,0,.36326647,.81999999,.13,.61000001,1.5599999,167.58173
1974,5,all,135,112858,18.979017,0,.32716089,.88999999,.13,.64999998,1.66,119.61935
1975,5,all,175,117492,18.97571,0,.29979613,.88999999,.12,.63,1.64,148.9463
1976,5,all,163,118556,18.981966,0,.28346276,.86000001,.12,.67000002,1.66,137.48776
1977,5,all,135,121047,18.992002,0,.26615566,.92000002,.1,.63,1.65,111.52692
1978,5,all,173,122197,18.990196,0,.2473778,.97000003,.11,.73000002,1.8200001,141.57468
1979,5,all,168,123179,18.989843,0,.22216298,.93000001,.1,.56999999,1.6,136.38689
1980,5,all,173,125804,18.991383,0,.19574067,1,.12,.69,1.8099999,137.5155
1981,5,all,122,127239,18.997438,0,.1774371,1.0599999,.12,.68000001,1.87,95.882553
1982,5,all,156,127345,19.000957,0,.16714023,1.03,.12,.63,1.78,122.50186
1983,5,all,139,126123,19.02014,0,.16193807,1.03,.13,.63,1.78,110.20988
1970,6,all,1661,1067922,19.005005,0,.10309278,1.1,.63,1.37,3.1099999,155.53571
1971,6,all,1615,1127057,18.996286,0,.098765433,1.13,.68000001,1.38,3.1900001,143.29355
1972,6,all,1748,1168339,19.001753,0,.095693782,1.17,.66000003,1.33,3.1600001,149.61411
1973,6,all,1688,1207953,19.017012,0,.090090089,1.1900001,.68000001,1.34,3.21,139.74054
1974,6,all,1631,1230473,19.017159,0,.081135899,1.3,.68000001,1.35,3.3299999,132.55066
1975,6,all,1641,1263879,19.008333,0,.074349441,1.27,.69999999,1.36,3.3299999,129.83838
1976,6,all,1641,1296096,19.015434,0,.070298769,1.3200001,.69999999,1.34,3.3599999,126.61099
1977,6,all,1801,1318737,19.030666,0,.066006601,1.3099999,.67000002,1.28,3.25,136.57007
1978,6,all,1806,1332480,19.029856,0,.061349694,1.36,.68000001,1.3200001,3.3599999,135.53674
1979,6,all,1893,1354455,19.021545,0,.055096418,1.42,.69999999,1.28,3.4000001,139.76102
1980,6,all,1892,1366049,19.025145,0,.048543688,1.42,.70999998,1.25,3.3800001,138.50162
1981,6,all,1656,1368730,19.031979,0,.044004399,1.4299999,.72000003,1.21,3.3599999,120.98807
1982,6,all,1486,1358902,19.034954,0,.041450776,1.37,.72000003,1.14,3.23,109.35299
1983,6,all,1369,1340831,19.049372,0,.040160641,1.37,.75,1.11,3.23,102.10086
1970,8,all,207,131830,18.999325,1,.15463917,1.1799999,.31,1.26,2.75,157.0204
1971,8,all,181,139867,19.003761,1,.14814815,1.21,.38,1.33,2.9200001,129.40865
1972,8,all,242,149614,19.006123,1,.14354067,1.28,.37,1.28,2.9300001,161.74957
1973,8,all,229,158029,19.014706,1,.13513513,1.34,.38999999,1.3200001,3.05,144.91011
1974,8,all,213,161336,19.015867,1,.12170386,1.42,.38999999,1.37,3.1900001,132.02261
1975,8,all,209,165031,19.006029,1,.11152416,1.4299999,.41999999,1.39,3.24,126.64288
1976,8,all,218,168889,19.013998,1,.14059754,1.46,.46000001,1.37,3.29,129.07886
1977,8,all,204,171776,19.024572,1,.1320132,1.4299999,.36000001,1.22,3.01,118.75932
1978,8,all,236,173784,19.024525,1,.12269939,1.64,.47,1.4299999,3.54,135.80077
1979,8,all,244,177454,19.018427,1,.11019284,1.6799999,.47,1.37,3.52,137.50043
1980,8,all,206,175322,19.028399,1,.097087376,1.5700001,.47,1.3099999,3.3499999,117.49809
1981,8,all,217,172359,19.045296,1,.088008799,1.63,.44,1.26,3.3299999,125.90001
1982,8,all,204,168001,19.038834,1,.082901552,1.64,.46000001,1.1799999,3.28,121.42785
1983,8,all,180,162919,19.040394,1,.080321282,1.5700001,.46000001,1.12,3.1500001,110.48435
1970,9,all,135,142939,18.969988,0,.20784836,1,.34,1.46,2.8,94.445885
1971,9,all,150,150696,18.968361,0,.19912384,.99000001,.37,1.4400001,2.8,99.538139
1972,9,all,112,156438,18.982735,.25205478,.19293101,.95999998,.34,1.37,2.6700001,71.593857
1973,9,all,177,159831,18.986624,1,.18163323,1.02,.34999999,1.35,2.72,110.74197
1974,9,all,139,162466,18.991278,1,.16358045,1.04,.34999999,1.34,2.72,85.556366
1975,9,all,172,166202,18.987263,1,.14989807,1.05,.34999999,1.29,2.6900001,103.48853
1976,9,all,143,168736,18.986826,1,.14173138,1.03,.37,1.26,2.6600001,84.747772
1977,9,all,154,170196,18.999723,1,.13307783,1.05,.34999999,1.21,2.6099999,90.48391
1978,9,all,177,168917,19.012669,1,.1236889,1.0700001,.38,1.2,2.6500001,104.78519
1979,9,all,207,168046,19.003689,1,.11108149,1.13,.40000001,1.2,2.72,123.18056
1980,9,all,189,169024,18.994598,1,.097870335,1.0599999,.43000001,1.21,2.7,111.81844
1981,9,all,170,172858,18.996569,1,.088718548,1.05,.44,1.1799999,2.6700001,98.346619
1982,9,all,171,174684,18.997889,.83338904,.083570115,1.04,.49000001,1.2,2.73,97.891052
1983,9,all,135,175302,19.016018,.67959863,.097162843,1.1,.49000001,1.23,2.8199999,77.009956
1970,10,all,36,28478,18.952875,0,.16627868,1.17,.20999999,1.74,3.1199999,126.41337
1971,10,all,28,31708,18.962597,0,.15929908,1.2,.23999999,1.74,3.1800001,88.305794
1972,10,all,40,34272,18.980713,.16134389,.1543448,1.21,.25999999,1.6,3.0699999,116.71335
1973,10,all,45,35792,18.988741,.32588288,.14530659,1.22,.27000001,1.55,3.04,125.72642
1974,10,all,35,36996,18.989458,.32573792,.13086435,1.23,.25999999,1.51,3,94.60482
1975,10,all,35,38429,18.983215,.3236618,.11991845,1.23,.25999999,1.49,2.98,91.077049
1976,10,all,48,39317,18.990971,.32357505,.1133851,1.25,.25,1.4299999,2.9200001,122.08459
1977,10,all,32,39451,19.001825,.33188006,.10646226,1.3200001,.23999999,1.35,2.9100001,81.113281
1978,10,all,51,39200,19.00602,.33196428,.098951116,1.33,.25,1.33,2.9100001,130.10204
1979,10,all,29,38894,18.997892,.33138788,.088865191,1.38,.27000001,1.34,2.99,74.56163
1980,10,all,48,37602,19.008139,.33141854,.078296266,1.45,.28999999,1.38,3.1199999,127.65279
1981,10,all,35,37069,19.03882,.34862015,.070974834,1.51,.31999999,1.39,3.23,94.418518
1982,10,all,45,36025,19.034115,.3490909,.066856094,1.53,.34,1.36,3.23,124.91325
1983,10,all,23,35183,19.035841,.34485406,.064775229,1.53,.34999999,1.34,3.22,65.372482
1970,11,all,100,46360,19.048857,1,.18706352,1.39,.81999999,4.4400001,6.6399999,215.70319
1971,11,all,95,44698,19.052753,1,.17921147,1.37,.91000003,4.4499998,6.7399998,212.53748
1972,11,all,96,44661,19.025951,1,.17363791,1.34,.88999999,4.1599998,6.4000001,214.95264
1973,11,all,69,44998,19.010801,1,.16346991,1.39,.92000002,3.8900001,6.21,153.34015
1974,11,all,58,45126,19.006824,1,.1472224,1.39,.88999999,3.76,6.04,128.52901
1975,11,all,70,45582,19.002041,1,.13490826,1.37,.92000002,3.71,6,153.5694
1976,11,all,50,45960,18.998672,1,.12755825,1.34,.94,3.5699999,5.8600001,108.79025
1977,11,all,65,45605,18.997763,1,.11977004,1.39,.88999999,3.26,5.5300002,142.52823
1978,11,all,37,45461,18.995205,1,.11132001,1.4299999,.94,3.1400001,5.5100002,81.388443
1979,11,all,50,44710,18.995617,1,.099973336,1.48,.99000001,3.03,5.4899998,111.8318
1980,11,all,42,40707,19.04385,1,.088083304,1.49,.99000001,2.9400001,5.4200001,103.17636
1981,11,all,63,38635,19.107622,1,.079846688,1.5,1.0599999,2.9200001,5.4899998,163.06458
1982,11,all,43,35701,19.080475,1,.075213104,1.48,1,2.9100001,5.3899999,120.44481
1983,11,all,58,33770,19.054575,1,.072872132,1.55,1.08,2.79,5.4099998,171.75008
1970,12,all,493,323676,18.981676,0,.82474226,1.09,.30000001,1.52,2.9000001,152.31281
1971,12,all,510,345911,18.989265,0,.79012346,1.1799999,.33000001,1.52,3.03,147.43677
1972,12,all,638,370912,18.988604,0,.76555026,1.25,.33000001,1.52,3.0999999,172.00845
1973,12,all,672,396593,18.984562,.50410956,.72072071,1.33,.34,1.5599999,3.24,169.44324
1974,12,all,688,426586,18.993891,1,.64908719,1.38,.31999999,1.52,3.22,161.28049
1975,12,all,630,443600,18.991884,1,.59479553,1.38,.34,1.47,3.1900001,142.01984
1976,12,all,550,453381,18.99921,1,.56239015,1.35,.36000001,1.46,3.1700001,121.31078
1977,12,all,598,460795,19.01095,1,.66006601,1.33,.33000001,1.47,3.1300001,129.77571
1978,12,all,622,465321,19.010368,1,.61349696,1.41,.34,1.48,3.23,133.67116
1979,12,all,741,476701,19.008633,1,.55096424,1.47,.37,1.51,3.3399999,155.44334
1980,12,all,805,498326,19.009193,.91914165,.48543689,1.42,.37,1.4299999,3.22,161.54083
1981,12,all,758,513419,19.013994,.67523211,.44004402,1.55,.38999999,1.38,3.3099999,147.6377
1982,12,all,694,519319,19.01194,.67583317,.41450778,1.5599999,.40000001,1.33,3.29,133.63655
1983,12,all,606,522805,19.028633,.68552709,.64257026,1.5599999,.40000001,1.23,3.1900001,115.9132
1970,13,all,458,260127,19.005751,0,.83139342,.79000002,.14,1.02,1.95,176.06784
1971,13,all,471,269580,18.984446,0,.79649538,.86000001,.12,1.08,2.0699999,174.71623
1972,13,all,538,280212,18.983959,.50410956,.77172405,.89999998,.16,1.12,2.1800001,191.99748
1973,13,all,450,291705,18.988787,1,.72653294,.93000001,.16,1.02,2.1099999,154.26544
1974,13,all,482,300027,18.992973,1,.65432179,.99000001,.15000001,1.09,2.23,160.65221
1975,13,all,400,306942,18.990034,1,.59959227,.97000003,.17,1.16,2.3,130.31778
1976,13,all,395,313648,18.99687,1,.56692553,.99000001,.18000001,1.23,2.3900001,125.93736
1977,13,all,431,317728,19.002586,1,.53231132,1.08,.16,1.23,2.47,135.65062
1978,13,all,411,318453,18.998068,1,.4947556,1.14,.19,1.26,2.5899999,129.06143
1979,13,all,428,322393,18.996742,1,.44432595,1.17,.19,1.22,2.5799999,132.75722
1980,13,all,454,323668,19.002296,.89153111,.39148134,1.0700001,.19,1.09,2.3499999,140.26718
1981,13,all,422,326753,19.015005,.67715061,.35487419,1.1,.18000001,1.09,2.3800001,129.14954
1982,13,all,324,326647,19.015841,.67744994,.33428046,1.12,.20999999,1.04,2.3699999,99.189644
1983,13,all,331,324875,19.023304,.68257636,.32387614,1.14,.22,1.05,2.4200001,101.88534
1970,15,all,48,44468,19.067284,0,,1.11,.25,1.12,2.48,107.94279
1971,15,all,65,48760,19.044832,0,,1.15,.37,.93000001,2.45,133.30598
1972,15,all,44,52993,19.061216,.83835614,,1.2,.27000001,1.0599999,2.52,83.029831
1973,15,all,61,57509,19.07291,1,,1.25,.31999999,1.25,2.8199999,106.07035
1974,15,all,50,58496,19.067337,1,,1.33,.33000001,1.3099999,2.98,85.475929
1975,15,all,51,59947,19.071814,1,,1.5,.34999999,1.3,3.1500001,85.07515
1976,15,all,72,60607,19.08489,1,,1.5,.38999999,1.3,3.1900001,118.79816
1977,15,all,61,60010,19.091768,1,,1.61,.36000001,1.26,3.23,101.64973
1978,15,all,60,59671,19.100283,1,,1.38,.46000001,1.3,3.1500001,100.55135
1979,15,all,84,59557,19.109962,1,,1.6,.44,1.28,3.3199999,141.04135
1980,15,all,66,58149,19.070286,1,,1.65,.46000001,1.21,3.3099999,113.50152
1981,15,all,67,56428,19.027132,1,,1.74,.44,1.16,3.3399999,118.73538
1982,15,all,65,55739,19.02702,1,,1.8,.47999999,1.14,3.4200001,116.61494
1983,15,all,50,55916,19.06422,1,,1.87,.44,1.12,3.4300001,89.419846
1970,16,all,66,38979,18.928089,.30331716,.38659796,1.2,.1,.75,2.04,169.32195
1971,16,all,72,42159,18.935387,.29858392,.37037039,1.26,.25999999,.76999998,2.28,170.78204
1972,16,all,78,45312,18.950697,.47672307,.3588517,1.34,.27000001,.75,2.3599999,172.13983
1973,16,all,93,46651,18.960493,.65027547,.33783785,1.38,.25999999,.74000001,2.3800001,199.35265
1974,16,all,68,48531,18.974407,.65479797,.30425966,1.39,.25999999,.76999998,2.4200001,140.11662
1975,16,all,70,49655,18.970516,.65290505,.27881041,1.48,.25999999,.80000001,2.55,140.97272
1976,16,all,85,50845,18.974825,.65674108,.26362038,1.52,.27000001,.79000002,2.5799999,167.17474
1977,16,all,96,51814,18.980062,.65845138,.24752477,1.5,.22,.79000002,2.52,185.27811
1978,16,all,75,52964,18.976984,.65716338,.23006137,1.5,.25999999,.80000001,2.5599999,141.60562
1979,16,all,90,53777,18.973186,.65559626,.20661159,1.55,.27000001,.83999997,2.6500001,167.35779
1980,16,all,78,54438,18.995022,.66977113,.18203884,1.53,.30000001,.76999998,2.5999999,143.28227
1981,16,all,82,54051,19.022533,.68237406,.1650165,1.54,.33000001,.82999998,2.7,151.70857
1982,16,all,40,52051,19.02536,.68127412,.15544042,1.47,.31,.81,2.5799999,76.84771
1983,16,all,70,49818,19.023165,.68190211,.15060242,1.4400001,.30000001,.75999999,2.51,140.51146
1970,17,all,751,561631,18.959393,0,.18041238,1.21,.27000001,1.34,2.8199999,133.7177
1971,17,all,767,586726,18.986282,0,.17283951,1.22,.31999999,1.39,2.9200001,130.72542
1972,17,all,694,600403,18.992748,0,.16746412,1.21,.31,1.33,2.8499999,115.58903
1973,17,all,877,608839,18.988617,.16642416,.15765765,1.22,.31999999,1.35,2.8800001,144.04465
1974,17,all,827,621288,18.993389,.66378719,.14198783,1.27,.33000001,1.34,2.9400001,133.11057
1975,17,all,837,637355,18.988091,.65890592,.13011153,1.3099999,.33000001,1.35,2.99,131.32399
1976,17,all,809,650918,18.989544,.66345376,.12302285,1.3099999,.34,1.3,2.9400001,124.28601
1977,17,all,860,661069,19.003851,.66943389,.11551155,1.35,.30000001,1.22,2.8699999,130.09232
1978,17,all,879,660531,19.007322,.67110097,.10736197,1.38,.31,1.1900001,2.8800001,133.07475
1979,17,all,789,659042,19.002548,.66772074,.096418738,1.45,.33000001,1.17,2.9400001,119.71923
1980,17,all,717,652692,19.007263,0,.084951453,1.4299999,.33000001,1.24,3,109.85273
1981,17,all,686,645606,19.016411,0,.077007703,1.4299999,.34999999,1.12,2.9100001,106.25676
1982,17,all,640,629544,19.019865,0,.07253886,1.41,.34999999,1.0599999,2.8299999,101.66088
1983,17,all,556,609238,19.028463,0,.070281126,1.42,.34999999,1.03,2.8,91.261543
1970,18,all,382,281817,18.957695,0,.20618556,1,.12,.69,1.8099999,135.54895
1971,18,all,397,293825,18.969986,0,.19753087,1.01,.13,.68000001,1.8200001,135.11444
1972,18,all,342,304902,18.984093,0,.19138756,1,.12,.67000002,1.8,112.16719
1973,18,all,428,310580,18.988579,0,.21396396,1.01,.15000001,.63,1.8,137.80669
1974,18,all,354,316079,18.997066,0,.19269776,1.01,.13,.73000002,1.86,111.99731
1975,18,all,368,320335,18.987923,0,.17657992,1.04,.15000001,.75,1.9400001,114.87974
1976,18,all,385,324431,18.987862,0,.16695957,1.08,.14,.75,1.98,118.6693
1977,18,all,408,329260,19.003973,0,.15676568,1.14,.14,.76999998,2.05,123.91423
1978,18,all,390,329699,19.006798,0,.14570552,1.1900001,.16,.79000002,2.1400001,118.28971
1979,18,all,384,331034,18.997478,0,.130854,1.23,.15000001,.79000002,2.1800001,116.00017
1980,18,all,331,325012,19.00868,0,.11529126,1.26,.17,.76999998,2.21,101.84239
1981,18,all,302,318064,19.027164,0,.12651265,1.29,.18000001,.77999997,2.25,94.949448
1982,18,all,306,309365,19.017494,0,.11917099,1.29,.18000001,.75999999,2.23,98.912285
1983,18,all,315,299907,19.023111,0,.11546185,1.27,.19,.73000002,2.1900001,105.03256
1970,19,all,219,150575,18.930428,0,.30927834,1.09,.059999999,.68000001,1.83,145.44247
1971,19,all,195,155910,18.974665,0,.34567901,1.1,.07,.70999998,1.89,125.07216
1972,19,all,206,157171,18.987026,.4960146,.33492824,1.12,.079999998,.69,1.88,131.06743
1973,19,all,191,156484,18.978361,.82981455,.31531531,1.17,.090000004,.73000002,1.98,122.05721
1974,19,all,232,159176,18.983093,1,.28397566,1.25,.090000004,.75,2.0899999,145.75061
1975,19,all,225,162791,18.979305,1,.26022306,1.27,.090000004,.75999999,2.1300001,138.21404
1976,19,all,229,166809,18.983873,1,.24604569,1.28,.1,.76999998,2.1500001,137.28276
1977,19,all,188,169333,18.994295,1,.2310231,1.33,.1,.74000001,2.1700001,111.02384
1978,19,all,195,170753,18.995186,.9573912,.21472394,1.38,.11,.74000001,2.22,114.20004
1979,19,all,194,172121,18.992331,.70684743,.19283748,1.4,.11,.70999998,2.22,112.7114
1980,19,all,213,172858,19.007914,.67590159,.16990291,1.41,.13,.70999998,2.25,123.22253
1981,19,all,180,168590,19.031448,.68563974,.15401541,1.4400001,.13,.69,2.27,106.7679
1982,19,all,127,161446,19.027346,.68182552,.14507772,1.39,.13,.64999998,2.1700001,78.66407
1983,19,all,159,153998,19.029612,.68652838,.14056225,1.38,.13,.63999999,2.1500001,103.24809
1970,20,all,190,127923,18.984819,1,.38659796,.85000002,.090000004,.64999998,1.59,148.52686
1971,20,all,186,131559,18.98929,1,.37037039,.88999999,.1,.69,1.6799999,141.38144
1972,20,all,182,136067,18.991783,1,.3588517,.95999998,.11,.67000002,1.74,133.75763
1973,20,all,184,139256,18.996941,1,.33783785,.98000002,.11,.68000001,1.76,132.13075
1974,20,all,158,140132,19.00827,1,.30425966,1.08,.12,.70999998,1.91,112.75083
1975,20,all,155,141594,19.004181,1,.27881041,1.12,.12,.70999998,1.9400001,109.46792
1976,20,all,165,143259,19.005228,1,.26362038,1.13,.11,.69,1.9299999,115.17601
1977,20,all,203,144571,19.019728,1,.29702973,1.13,.1,.64999998,1.88,140.41544
1978,20,all,184,144245,19.018927,1,.27607363,1.14,.12,.63999999,1.89,127.56075
1979,20,all,190,144932,19.011654,1,.24793389,1.17,.11,.73000002,2.01,131.09596
1980,20,all,188,142146,19.0317,1,.21844661,1.23,.11,.62,1.96,132.25838
1981,20,all,167,137921,19.048056,1,.1980198,1.23,.12,.69999999,2.05,121.08381
1982,20,all,136,132108,19.041534,1,.1865285,1.22,.13,.67000002,2.02,102.94608
1983,20,all,144,126871,19.051241,1,.18072291,1.2,.13,.63999999,1.96,113.50111
1970,21,all,273,186231,18.982231,0,.20618556,.93000001,.079999998,.83999997,1.86,146.59213
1971,21,all,251,192080,19.00794,0,.19753087,.97000003,.1,.87,1.9299999,130.67471
1972,21,all,264,190349,18.987827,0,.19138756,.99000001,.1,.81999999,1.91,138.69261
1973,21,all,277,194349,18.982954,0,.18018018,1.01,.1,.82999998,1.9299999,142.5271
1974,21,all,248,200733,18.990784,0,.1622718,1.01,.1,.81999999,1.92,123.5472
1975,21,all,271,206479,18.987244,0,.14869888,1.05,.1,.82999998,1.98,131.24821
1976,21,all,275,212990,18.98922,0,.14059754,1.01,.1,.79000002,1.9,129.11404
1977,21,all,288,216016,19.001625,0,.1320132,1.1900001,.090000004,.75,2.03,133.32346
1978,21,all,290,216465,19.001387,0,.12269939,1.0700001,.090000004,.76999998,1.9299999,133.97086
1979,21,all,277,217118,18.999626,0,.11019284,1.1,.090000004,.76999998,1.97,127.58039
1980,21,all,293,218133,19.00695,0,.097087376,1.08,.1,.74000001,1.91,134.32172
1981,21,all,258,216214,19.018162,0,.088008799,1.13,.11,.75,1.99,119.32623
1982,21,all,220,212521,19.021875,0,.082901552,1.14,.12,.73000002,1.99,103.51918
1983,21,all,239,207661,19.02964,0,.080321282,1.13,.12,.69,1.9400001,115.09142
1970,22,all,341,213507,18.974216,1,.82474226,1.2,.28999999,.91000003,2.4000001,159.71373
1971,22,all,314,219656,18.996777,1,.79012346,1.1799999,.33000001,.97000003,2.48,142.95079
1972,22,all,336,222241,18.985264,1,.76555026,1.22,.31,.95999998,2.49,151.18723
1973,22,all,401,226482,18.972355,1,.72072071,1.26,.20999999,.95999998,2.4200001,177.05602
1974,22,all,358,233788,18.987463,1,.64908719,1.29,.20999999,.97000003,2.46,153.13019
1975,22,all,373,243291,18.991081,1,.59479553,1.3,.22,1.02,2.53,153.31435
1976,22,all,367,246382,18.991911,1,.56239015,1.27,.28,1.05,2.6099999,148.95569
1977,22,all,408,252446,19.001097,1,.52805281,1.3,.25,1.03,2.5699999,161.61873
1978,22,all,427,256013,18.99859,1,.49079755,1.35,.25,1.0700001,2.6700001,166.78841
1979,22,all,416,259911,19.003151,1,.44077134,1.36,.25999999,1.08,2.7,160.05479
1980,22,all,421,263840,19.012678,1,.3883495,1.41,.27000001,1.04,2.71,159.56641
1981,22,all,393,263130,19.024603,1,.35203519,1.48,.27000001,1.02,2.77,149.35583
1982,22,all,353,261874,19.017447,1,.33160621,1.49,.30000001,1,2.78,134.79765
1983,22,all,353,257854,19.015982,1,.32128513,1.4299999,.30000001,1.02,2.75,136.89917
1970,23,all,75,52812,18.969704,.32286224,.64432991,1.24,.1,1.03,2.3699999,142.01318
1971,23,all,61,54278,18.967924,.31618702,.61728394,1.28,.40000001,.99000001,2.6700001,112.38439
1972,23,all,80,56349,18.969919,.71818072,.59808612,1.3099999,.23999999,.99000001,2.54,141.97235
1973,23,all,79,57624,18.97258,1,.56306303,1.35,.23,1.01,2.5899999,137.09566
1974,23,all,82,58840,18.984892,1,.50709939,1.4,.23999999,1.05,2.6800001,139.36098
1975,23,all,76,60323,18.975067,1,.46468401,1.4400001,.25,1.04,2.72,125.98843
1976,23,all,70,61987,18.970816,1,.43936729,1.41,.25999999,1.0700001,2.74,112.9269
1977,23,all,83,63633,18.983814,.86467397,.41254127,1.37,.23,1.04,2.6400001,130.43547
1978,23,all,91,63641,18.991106,.3268019,.38343561,1.3099999,.27000001,1.05,2.6199999,142.98958
1979,23,all,77,63871,18.984093,.32573467,.34435263,1.3,.27000001,1.08,2.6500001,120.5555
1980,23,all,96,64012,18.990751,.32457978,.30339804,1.3200001,.28999999,1.0599999,2.6700001,149.97188
1981,23,all,75,64725,19.002687,.33144844,.330033,1.24,.28,1.05,2.5699999,115.87486
1982,23,all,57,63895,19.010361,.33484623,.31088084,1.3,.30000001,1.02,2.6300001,89.208855
1983,23,all,63,62693,19.020401,.33973491,.30120483,1.3200001,.28999999,1.03,2.6300001,100.48969
1970,24,all,258,198205,18.981934,0,.077319585,1.3099999,.25,1.39,2.95,130.16826
1971,24,all,291,214695,18.980204,0,.074074075,1.28,.28,1.4400001,3,135.54112
1972,24,all,286,224533,18.984568,0,.21531102,1.25,.30000001,1.4,2.95,127.37549
1973,24,all,306,232895,18.995375,0,.2027027,1.29,.30000001,1.42,3.02,131.38968
1974,24,all,330,236828,19.000824,.50410956,.18255579,1.34,.31999999,1.45,3.0999999,139.34163
1975,24,all,268,241210,18.99338,1,.16728625,1.35,.33000001,1.46,3.1400001,111.10651
1976,24,all,276,244601,18.992849,1,.15817223,1.34,.33000001,1.45,3.1199999,112.83682
1977,24,all,276,246096,19.008167,1,.14851487,1.37,.30000001,1.39,3.05,112.15135
1978,24,all,285,243407,19.014769,1,.13803682,1.41,.31,1.38,3.0899999,117.08784
1979,24,all,243,241050,19.007174,1,.12396695,1.4299999,.31,1.39,3.1400001,100.80896
1980,24,all,281,240174,19.001999,1,.10922331,1.42,.33000001,1.35,3.0899999,116.99851
1981,24,all,284,242688,18.997524,1,.099009901,1.39,.34,1.33,3.0599999,117.02268
1982,24,all,252,244012,18.999147,.95785904,.093264252,1.27,.31999999,1.17,2.77,103.27361
1983,24,all,220,243588,19.020948,.67795056,.090361454,1.34,.34999999,1.2,2.8900001,90.316437
1970,25,all,298,305591,18.979944,0,.22680412,1.15,.30000001,1.35,2.8,97.515961
1971,25,all,361,314630,18.993542,0,.21728395,1.15,.37,1.37,2.8900001,114.73795
1972,25,all,356,321488,18.994595,0,.21052632,1.17,.36000001,1.34,2.8699999,110.73508
1973,25,all,399,328926,18.995249,.83835614,.19819818,1.25,.37,1.39,3.01,121.30388
1974,25,all,364,334918,18.995674,1,.17849898,1.3099999,.37,1.41,3.0899999,108.68332
1975,25,all,328,342141,18.989496,1,.19702603,1.33,.38,1.36,3.0699999,95.866905
1976,25,all,331,348371,18.990992,1,.18629174,1.3,.38,1.3200001,3,95.013649
1977,25,all,309,352660,19.003326,1,.17491749,1.34,.37,1.24,2.95,87.619804
1978,25,all,330,351749,19.010607,1,.16257669,1.37,.40000001,1.25,3.02,93.816895
1979,25,all,368,352878,19.002153,.52463573,.14600551,1.39,.41999999,1.23,3.04,104.28533
1980,25,all,303,345779,19.013096,.33402261,.12864077,1.47,.44999999,1.27,3.1900001,87.628227
1981,25,all,294,341387,19.040442,.3502799,.11661166,1.4400001,.49000001,1.24,3.1700001,86.11927
1982,25,all,258,332451,19.029671,.3477926,.10984456,1.35,.49000001,1.22,3.0699999,77.605423
1983,25,all,256,326954,19.023108,.33995914,.1064257,1.36,.5,1.21,3.0699999,78.298477
1970,26,all,635,476588,18.947208,0,.51546395,1.37,.23999999,1.0700001,2.6800001,133.23877
1971,26,all,657,503159,18.971901,0,.49382716,1.35,.28,1.0599999,2.6900001,130.57503
1972,26,all,798,520287,18.981861,1,.47846892,1.37,.27000001,1.0599999,2.7,153.37689
1973,26,all,826,531811,18.984644,1,.45045045,1.41,.28,1.04,2.73,155.31834
1974,26,all,766,543737,18.991699,1,.40567952,1.4,.28,1.05,2.74,140.87694
1975,26,all,764,553499,18.984602,1,.37174723,1.4299999,.28999999,1.05,2.77,138.03096
1976,26,all,737,561056,18.990044,1,.35149384,1.4299999,.30000001,1.0599999,2.79,131.35944
1977,26,all,713,564797,19.008215,1,.330033,1.45,.23999999,1.02,2.71,126.24004
1978,26,all,674,557771,19.014748,.969863,.30674848,1.4299999,.25,1.05,2.74,120.83812
1979,26,all,570,554076,19.005581,0,.27548212,1.37,.25,1.03,2.6500001,102.87398
1980,26,all,535,543470,19.006941,0,.24271844,1.34,.28,1.03,2.6500001,98.441498
1981,26,all,480,530656,19.01314,0,.22002201,1.34,.28999999,1,2.6300001,90.454079
1982,26,all,497,515521,19.007797,0,.20725389,1.35,.38999999,.98000002,2.72,96.407326
1983,26,all,476,498427,19.01792,0,.20080322,1.35,.28,.97000003,2.5999999,95.500443
1970,27,all,259,203827,18.938429,0,.25773197,1.14,.16,1.23,2.53,127.06854
1971,27,all,295,216827,18.961531,0,.32098764,1.15,.2,1.29,2.6500001,136.05316
1972,27,all,264,223956,18.981714,0,.31100479,1.13,.2,1.17,2.49,117.88029
1973,27,all,297,227035,18.988878,.58630139,.29279277,1.22,.2,1.22,2.6300001,130.81683
1974,27,all,294,229500,18.996557,1,.26369166,1.28,.2,1.26,2.74,128.10457
1975,27,all,295,233598,18.985806,1,.24163568,1.29,.2,1.2,2.7,126.28532
1976,27,all,299,238407,18.983133,.9809041,.22847098,1.3,.20999999,1.2,2.71,125.41578
1977,27,all,290,243001,18.993757,.73970717,.21452145,1.3,.2,1.15,2.6500001,119.34107
1978,27,all,331,244719,18.995167,.66628253,.19938651,1.3099999,.23,1.15,2.6900001,135.25717
1979,27,all,327,247917,18.992424,.66429085,.17906336,1.35,.23999999,1.16,2.75,131.89899
1980,27,all,279,246670,19.008097,.67593139,.15776698,1.4,.25999999,1.2,2.8499999,113.10658
1981,27,all,240,243670,19.021065,.67914391,.1430143,1.39,.27000001,1.1799999,2.8299999,98.493866
1982,27,all,191,235719,19.02355,.68179482,.13471502,1.36,.27000001,1.11,2.75,81.028679
1983,27,all,193,225481,19.035599,.68798703,.13052209,1.37,.27000001,1.1,2.74,85.594795
1970,28,all,214,130240,18.963337,1,1.1056701,.81999999,.079999998,.70999998,1.61,164.31204
1971,28,all,221,133651,18.998571,1,1.0592592,.91000003,.1,.75,1.76,165.35603
1972,28,all,224,136379,18.9851,1,1.0263158,.94999999,.11,.75,1.8200001,164.24817
1973,28,all,252,141593,18.961121,1,.96621615,.98000002,.1,.75999999,1.85,177.9749
1974,28,all,202,146051,18.972702,1,.87018257,1.02,.11,.81,1.9400001,138.30785
1975,28,all,186,149862,18.97904,1,.79739779,1.02,.13,.83999997,1.98,124.11418
1976,28,all,201,151995,18.983553,1,.75395429,1.02,.13,.86000001,2.01,132.2412
1977,28,all,216,153372,18.990742,1,.70792079,1.08,.11,.86000001,2.05,140.83405
1978,28,all,228,154134,18.986195,1,.65797549,1.16,.1,.91000003,2.1800001,147.92323
1979,28,all,201,153684,18.989933,1,.59090906,1.15,.1,.83999997,2.0899999,130.78786
1980,28,all,230,156958,18.994558,1,.52063107,1.13,.1,.86000001,2.0899999,146.53601
1981,28,all,215,158356,19.011202,1,.47194716,1.1900001,.11,.83999997,2.1400001,135.77003
1982,28,all,195,157378,19.015657,1,.44455957,1.1900001,.11,.81999999,2.1099999,123.9055
1983,28,all,192,154465,19.016132,1,.43072289,1.1900001,.11,.79000002,2.0899999,124.3
1970,29,all,394,243679,18.960863,0,.077319585,1.12,.19,1,2.3199999,161.68813
1971,29,all,341,253868,18.983932,0,.14814815,1.13,.19,.94,2.27,134.32178
1972,29,all,358,257658,18.977549,0,.14354067,1.13,.19,.92000002,2.24,138.94388
1973,29,all,396,263951,18.97723,0,.13513513,1.15,.2,.85000002,2.2,150.02785
1974,29,all,325,271941,18.985464,0,.12170386,1.1799999,.18000001,.91000003,2.27,119.51122
1975,29,all,384,277456,18.980808,0,.11152416,1.21,.2,.88999999,2.3,138.40033
1976,29,all,386,283067,18.985466,0,.10544815,1.1900001,.2,.81,2.2,136.36348
1977,29,all,374,285150,18.994196,0,.099009901,1.23,.19,.82999998,2.25,131.15904
1978,29,all,386,284946,18.99095,0,.092024542,1.3099999,.2,.88999999,2.4000001,135.46426
1979,29,all,406,286471,18.98731,0,.082644626,1.37,.2,.86000001,2.4300001,141.72464
1980,29,all,413,283663,19.001015,0,.07281553,1.39,.2,.83999997,2.4400001,145.59531
1981,29,all,300,281077,19.021677,0,.066006601,1.4,.20999999,.82999998,2.45,106.73232
1982,29,all,305,272358,19.025324,0,.062176164,1.38,.20999999,.79000002,2.3800001,111.98496
1983,29,all,262,262352,19.029442,0,.060240962,1.37,.22,.77999997,2.3699999,99.865829
1970,30,all,75,36455,18.94042,0,.25,1.54,.13,1.03,2.7,205.73309
1971,30,all,74,38765,18.958055,0,.23950619,1.55,.15000001,1.05,2.75,190.89384
1972,30,all,82,39933,18.975208,0,.23205742,1.52,.16,1.05,2.73,205.34395
1973,30,all,72,40612,18.972767,.50410956,.21846847,1.66,.17,1.0700001,2.9000001,177.28751
1974,30,all,103,41513,18.983475,1,.21298175,1.7,.17,1.1,2.96,248.11505
1975,30,all,93,42796,18.975956,1,.19516729,1.6799999,.19,1.11,2.98,217.31003
1976,30,all,94,43765,18.979389,1,.18453427,1.78,.2,1.12,3.1099999,214.78351
1977,30,all,92,44645,19.001255,1,.22937293,1.83,.2,1.1,3.1199999,206.07011
1978,30,all,80,45106,19.004877,1,.2131902,1.8200001,.2,1.0700001,3.0999999,177.36
1979,30,all,89,44864,19.002808,.66804117,.19146006,1.83,.41,1.05,3.29,198.37732
1980,30,all,112,45088,19.003128,.67079931,.16868931,1.8200001,.34999999,1.04,3.21,248.40312
1981,30,all,98,44864,18.998329,.66788518,.15291528,1.9,.33000001,1.05,3.28,218.43794
1982,30,all,78,44229,19.008614,.67534876,.14404145,1.8200001,.31999999,1.02,3.1700001,176.35487
1983,30,all,64,42684,19.032049,.6863696,.13955824,1.79,.31999999,.99000001,3.0899999,149.93909
1970,31,all,126,81998,18.961256,.31476378,.20618556,1.28,.13,1.01,2.4300001,153.66228
1971,31,all,115,84763,18.990396,.32733622,.19753087,1.35,.16,1.02,2.53,135.67241
1972,31,all,112,86413,18.99411,.5257138,.23923446,1.27,.16,.97000003,2.4000001,129.61012
1973,31,all,103,87353,18.992559,.66471672,.22522523,1.36,.14,.98000002,2.48,117.91238
1974,31,all,121,89159,18.996803,.66563106,.20283976,1.38,.14,1.01,2.53,135.7126
1975,31,all,149,90715,18.99268,.66426718,.18587361,1.38,.16,.98000002,2.51,164.25067
1976,31,all,104,91926,19.000925,.67083305,.17574692,1.39,.17,.97000003,2.54,113.13448
1977,31,all,123,92888,19.005663,.67096937,.18151815,1.45,.17,.91000003,2.53,132.41754
1978,31,all,103,92797,19.004148,.67242473,.16871166,1.47,.18000001,.88999999,2.54,110.99496
1979,31,all,96,93592,19.003195,.67036712,.16528925,1.5,.18000001,.88,2.5699999,102.57287
1980,31,all,112,92686,19.013012,.52303416,.14563106,1.5599999,.19,.88999999,2.6400001,120.8381
1981,31,all,116,90807,19.032112,.34682348,.15401541,1.5700001,.2,.88,2.6600001,127.74345
1982,31,all,81,87319,19.029341,.34586975,.14507772,1.5,.28,.57999998,2.3699999,92.763313
1983,31,all,79,83320,19.039259,.34818771,.14056225,1.49,.20999999,.79000002,2.49,94.81517
1970,32,all,58,21514,19.006275,0,.15463917,1.73,.67000002,3.1800001,5.5799999,269.59189
1971,32,all,62,24221,18.998018,0,.14814815,1.74,.72000003,3.23,5.6900001,255.97621
1972,32,all,80,27201,19.00989,0,.14354067,1.8099999,.73000002,3.4100001,5.9499998,294.10684
1973,32,all,75,28873,19.017075,0,.13513513,1.92,.77999997,3.6600001,6.3600001,259.75824
1974,32,all,78,30996,19.029682,0,.12170386,1.99,.81,3.6900001,6.4899998,251.64537
1975,32,all,56,32803,19.022375,0,.11152416,2,.82999998,3.9400001,6.77,170.71609
1976,32,all,81,34861,19.030951,0,.10544815,2.05,.86000001,4.0100002,6.9200001,232.35133
1977,32,all,85,36841,19.053799,0,.099009901,2.1500001,.82999998,3.8499999,6.8400002,230.72121
1978,32,all,72,38512,19.057903,0,.092024542,2.2,.85000002,3.6500001,6.6900001,186.95471
1979,32,all,93,40783,19.047569,0,.082644626,2.28,.88,3.28,6.4400001,228.03619
1980,32,all,94,43053,19.024017,0,.07281553,2.0899999,.79000002,2.9400001,5.8200002,218.33554
1981,32,all,89,44378,19.005407,0,.066006601,2.0799999,.80000001,2.71,5.5900002,200.54982
1982,32,all,83,45239,19.006344,0,.062176164,1.99,.76999998,2.5,5.25,183.47002
1983,32,all,74,45161,19.041695,0,.090361454,1.98,.79000002,2.45,5.2199998,163.8582
1970,33,all,45,40180,18.97093,0,.30927834,1.6799999,.31999999,2.8199999,4.8200002,111.99602
1971,33,all,61,40655,19.011978,0,.2962963,1.79,.40000001,3.0899999,5.27,150.04305
1972,33,all,48,41171,19.005976,0,.28708133,1.79,.38,3.0999999,5.27,116.58692
1973,33,all,48,42079,18.980347,.58630139,.27027026,1.92,.38999999,3.0899999,5.4000001,114.07115
1974,33,all,66,44189,18.984226,1,.24340771,1.99,.41,2.99,5.3899999,149.35844
1975,33,all,44,46218,18.976374,1,.27881041,1.9400001,.49000001,3.0999999,5.52,95.201004
1976,33,all,56,48202,18.982719,1,.26362038,1.89,.52999997,3,5.4299998,116.17775
1977,33,all,69,50655,18.995735,1,.24752477,1.89,.5,2.9300001,5.3200002,136.21558
1978,33,all,51,52320,18.994896,1,.23006137,1.99,.54000002,2.9400001,5.46,97.477066
1979,33,all,54,54082,18.991199,.58923107,.20661159,1.98,.62,2.6099999,5.1999998,99.848381
1980,33,all,62,54731,19.008112,.32997751,.18203884,2.21,.69,2.8599999,5.7600002,113.28132
1981,33,all,63,53727,19.046661,.35449588,.1980198,1.89,.58999997,2.4400001,4.9200001,117.25948
1982,33,all,53,51970,19.024841,.34795073,.1865285,1.89,.57999998,2.3399999,4.8099999,101.98191
1983,33,all,56,51212,19.011833,.33515581,.30120483,2.1700001,.56,2.3499999,5.0799999,109.34937
1970,34,all,330,322957,18.96699,0,.085051544,1.17,.38,1.38,2.9300001,102.18079
1971,34,all,405,346116,18.971067,0,.081481479,1.16,.41999999,1.36,2.9400001,117.01279
1972,34,all,368,356780,18.98008,0,.078947373,1.12,.41,1.33,2.8599999,103.1448
1973,34,all,430,361033,18.981323,1,.074324325,1.16,.41,1.29,2.8599999,119.10268
1974,34,all,427,365441,18.985926,1,.066937119,1.16,.41,1.26,2.8399999,116.84512
1975,34,all,424,372021,18.980173,1,.061338291,1.16,.41999999,1.22,2.8099999,113.97206
1976,34,all,375,377849,18.982311,1,.057996482,1.13,.41999999,1.1900001,2.75,99.245995
1977,34,all,391,380597,18.997292,1,.054455448,1.16,.40000001,1.13,2.6900001,102.73334
1978,34,all,349,377580,19.0049,1,.0506135,1.17,.41999999,1.1,2.6900001,92.43074
1979,34,all,392,377821,18.999146,1,.045454547,1.1799999,.43000001,1.1,2.71,103.75284
1980,34,all,402,385532,18.986185,.82999784,.040048543,1.23,.47,1.13,2.8299999,104.2715
1981,34,all,360,397438,18.982183,.65952426,.036303628,1.22,.50999999,1.15,2.8699999,90.58017
1982,34,all,317,403931,18.993734,.6682874,.034196891,1.22,.51999998,1.13,2.8699999,78.478752
1983,34,all,293,402264,19.018057,.50856215,.033132531,1.21,.51999998,1.13,2.8599999,72.837738
1970,35,all,118,55387,18.960478,0,.20618556,1.2,.36000001,.98000002,2.54,213.04639
1971,35,all,146,60360,18.953413,0,.19753087,1.26,.38,.94,2.5799999,241.88203
1972,35,all,120,64226,18.965466,0,.19138756,1.38,.34999999,.98000002,2.7,186.84023
1973,35,all,158,67565,18.978376,0,.18018018,1.37,.33000001,.94999999,2.6500001,233.84889
1974,35,all,160,69090,18.984818,0,.1622718,1.54,.33000001,.98000002,2.8399999,231.582
1975,35,all,147,71584,18.97818,0,.14869888,1.5,.34999999,1,2.8499999,205.35315
1976,35,all,113,73623,18.984583,0,.14059754,1.5599999,.34,.98000002,2.8800001,153.48465
1977,35,all,151,74960,18.997305,0,.1320132,1.65,.31999999,.95999998,2.9300001,201.44077
1978,35,all,152,75387,18.989666,0,.12269939,1.6799999,.31999999,.98000002,2.99,201.62628
1979,35,all,165,78175,18.989216,0,.11019284,1.71,.30000001,1.01,3.02,211.06491
1980,35,all,165,79220,18.999697,0,.097087376,1.66,.31999999,1,2.99,208.28073
1981,35,all,145,80342,18.998966,0,.099009901,1.74,.31999999,.94999999,3.01,180.47845
1982,35,all,149,80739,19.004967,0,.093264252,1.72,.34,.94,3,184.54526
1983,35,all,123,80207,19.028639,0,.18072291,1.72,.31,.98000002,3,153.3532
1970,36,all,1205,886289,18.975348,1,.11340206,1.1799999,.40000001,1.42,3,135.96016
1971,36,all,1315,912868,18.986723,1,.10864197,1.16,.44,1.41,3.01,144.0515
1972,36,all,1292,925101,18.992117,1,.10526316,1.14,.44,1.24,2.8099999,139.66043
1973,36,all,1239,928442,18.989464,1,.099099092,1.16,.44999999,1.3200001,2.9300001,133.44937
1974,36,all,1154,937282,18.991844,1,.089249492,1.17,.44,1.3,2.9100001,123.12196
1975,36,all,1071,954275,18.987728,1,.08178439,1.16,.44999999,1.27,2.8900001,112.2318
1976,36,all,987,966259,18.988428,1,.077328645,1.14,.44,1.25,2.8299999,102.14652
1977,36,all,1064,970274,18.998148,1,.072607264,1.1799999,.38,1.17,2.74,109.65974
1978,36,all,1021,961465,19.002703,1,.067484662,1.1799999,.41999999,1.17,2.77,106.19212
1979,36,all,1047,959533,18.997898,1,.060606062,1.21,.44,1.17,2.8199999,109.11558
1980,36,all,1065,954593,18.999537,1,.053398058,1.28,.46000001,1.1799999,2.9100001,111.56587
1981,36,all,999,960633,19.007622,1,.048404839,1.25,.46000001,1.12,2.8299999,103.99393
1982,36,all,920,960020,19.007126,.97491151,.045595855,1.26,.47999999,1.1,2.8399999,95.831337
1983,36,all,894,956589,19.018017,.67976946,.055220883,1.23,.49000001,1.05,2.77,93.457062
1970,37,all,472,319497,18.996059,1,1.3762887,.72000003,.16,.91000003,1.79,147.73222
1971,37,all,503,326326,19.009634,1,1.3185185,.77999997,.2,.91000003,1.88,154.14034
1972,37,all,502,332761,19.00724,1,1.277512,.80000001,.20999999,.87,1.88,150.85902
1973,37,all,525,339943,19.004822,1,1.2027026,.87,.2,.87,1.9400001,154.43765
1974,37,all,479,347822,19.007055,1,1.0831643,.94,.20999999,.87,2.01,137.71411
1975,37,all,476,355609,19.003656,1,.99256504,.95999998,.23,.86000001,2.05,133.85487
1976,37,all,503,359208,19.011862,1,.93848854,.99000001,.23,.87,2.0899999,140.03029
1977,37,all,454,361820,19.019802,1,.88118809,1.01,.2,.83999997,2.05,125.47675
1978,37,all,468,363652,19.015102,1,.81901842,1.0599999,.2,.86000001,2.1199999,128.69447
1979,37,all,442,364561,19.014732,1,.73553717,1.08,.22,.88,2.1800001,121.24171
1980,37,all,477,366378,19.025978,1,.64805824,1.11,.2,.86000001,2.1700001,130.19341
1981,37,all,432,359303,19.046333,1,.58745873,1.1,.20999999,.86000001,2.1700001,120.23278
1982,37,all,381,349426,19.036171,1,.55336785,1.0700001,.20999999,.85000002,2.1300001,109.03596
1983,37,all,320,342898,19.037798,.92218155,.53614455,1.1,.22,.80000001,2.1199999,93.322212
1970,38,all,51,35662,18.958078,0,.41237113,1.21,.11,1.02,2.3399999,143.00937
1971,38,all,51,37520,18.988407,0,.39506173,1.26,.12,1.05,2.4300001,135.92751
1972,38,all,72,38354,19.002607,0,.38277513,1.27,.16,1.09,2.52,187.72488
1973,38,all,59,38887,18.988531,0,.36036035,1.28,.15000001,1.16,2.5899999,151.72165
1974,38,all,51,39832,18.992369,0,.3245436,1.33,.14,1.24,2.71,128.03777
1975,38,all,66,40901,19.002029,0,.29739776,1.37,.15000001,1.21,2.73,161.36525
1976,38,all,49,41990,19.010027,0,.28119507,1.4,.16,1.2,2.75,116.69445
1977,38,all,64,42580,19.018623,0,.2640264,1.35,.15000001,1.12,2.6199999,150.30531
1978,38,all,47,42637,19.031382,0,.24539877,1.45,.16,1.15,2.76,110.23289
1979,38,all,55,42512,19.036154,0,.22038567,1.45,.16,1.1,2.71,129.37523
1980,38,all,73,42208,19.03677,0,.19417475,1.53,.17,1.14,2.8299999,172.95299
1981,38,all,58,40897,19.049637,0,.1760176,1.53,.18000001,1.14,2.8499999,141.81969
1982,38,all,36,39504,19.045818,0,.1658031,1.52,.18000001,1.09,2.79,91.130013
1983,38,all,32,38237,19.052723,0,.16064256,1.48,.17,1.05,2.71,83.688576
1970,39,all,710,557960,18.956127,1,.20618556,1.22,.19,.81,2.22,127.24927
1971,39,all,681,582988,18.964848,1,.19753087,1.2,.20999999,.81,2.22,116.81201
1972,39,all,650,599641,18.977247,1,.19138756,1.1799999,.2,.77999997,2.1500001,108.39819
1973,39,all,730,612488,18.981264,1,.18018018,1.21,.2,.79000002,2.2,119.18601
1974,39,all,730,622401,18.989843,1,.1622718,1.21,.19,.79000002,2.1900001,117.28773
1975,39,all,719,634722,18.983944,1,.14869888,1.24,.2,.77999997,2.21,113.27794
1976,39,all,710,640222,18.984041,1,.14059754,1.24,.2,.76999998,2.21,110.89903
1977,39,all,733,643413,19.003664,1,.1320132,1.17,.18000001,.69999999,2.04,113.92371
1978,39,all,706,633762,19.011124,1,.12269939,1.1900001,.2,.69999999,2.0899999,111.39828
1979,39,all,767,625798,19.000412,1,.11019284,1.36,.2,.70999998,2.26,122.56351
1980,39,all,650,610712,19.005293,1,.097087376,1.39,.22,.72000003,2.3299999,106.43314
1981,39,all,580,600759,19.016323,1,.088008799,1.35,.22,.68000001,2.25,96.54454
1982,39,all,532,585578,19.01342,.87984622,.082901552,1.4,.22,.66000003,2.28,90.85041
1983,39,all,510,567401,19.020847,.68086416,.080321282,1.36,.22,.64999998,2.22,89.883522
1970,40,all,184,138265,18.98032,0,.83139342,.77999997,.15000001,.83999997,1.76,133.07779
1971,40,all,206,144759,18.977825,0,.79649538,.80000001,.17,.80000001,1.77,142.30548
1972,40,all,184,149462,18.975252,0,.77172405,.86000001,.15000001,.75,1.76,123.10822
1973,40,all,221,155178,18.987537,0,.72653294,.89999998,.17,.80000001,1.87,142.4171
1974,40,all,225,159571,18.999136,0,.65432179,.95999998,.14,.77999997,1.87,141.00307
1975,40,all,199,162971,18.993631,0,.59959227,.99000001,.15000001,.85000002,1.99,122.10761
1976,40,all,217,167640,19.000196,.084931508,.56692553,1,.14,.77999997,1.91,129.44405
1977,40,all,251,169510,19.011108,1,.53231132,1.0700001,.14,.77999997,1.98,148.07385
1978,40,all,241,170667,19.007423,1,.4947556,1.08,.14,.81999999,2.04,141.21066
1979,40,all,249,174241,19.004631,1,.44432595,1.05,.13,.80000001,1.98,142.90552
1980,40,all,267,177432,19.016378,1,.39148134,1.08,.16,.70999998,1.95,150.48018
1981,40,all,252,177369,19.031273,1,.35487419,1.14,.16,.82999998,2.1300001,142.07669
1982,40,all,302,178308,19.033745,1,.33428046,1.17,.16,.82999998,2.1700001,169.36986
1983,40,all,223,174707,19.044777,.72328764,.32387614,1.05,.16,.76999998,1.98,127.64228
1970,41,all,147,109616,18.950045,0,.10808115,1.17,.38999999,.89999998,2.47,134.10451
1971,41,all,186,117825,18.94524,0,.10354441,1.21,.44999999,.91000003,2.5699999,157.86124
1972,41,all,180,123862,18.968529,0,.10032413,1.24,.47,.88999999,2.5999999,145.32301
1973,41,all,171,126211,18.997774,0,.094449289,1.22,.49000001,.93000001,2.6400001,135.4874
1974,41,all,197,127011,19.005354,0,.085061833,1.27,.51999998,.94,2.72,155.10468
1975,41,all,174,128077,18.989296,0,.11692049,1.28,.52999997,.94999999,2.76,135.85577
1976,41,all,188,129657,18.995497,0,.11055048,1.3,.5,.95999998,2.75,144.99796
1977,41,all,201,131842,19.010315,0,.13840094,1.33,.46000001,.95999998,2.74,152.45522
1978,41,all,209,133067,19.003525,0,.12863646,1.34,.47,.98000002,2.79,157.06374
1979,41,all,162,136425,18.989708,0,.11552475,1.39,.47,.95999998,2.8199999,118.74657
1980,41,all,187,138497,19.004541,0,.10178515,1.37,.50999999,.94,2.8199999,135.02098
1981,41,all,155,136778,19.016275,0,.09226729,1.38,.5,.92000002,2.8,113.32232
1982,41,all,135,131297,19.02243,0,.086912923,1.33,.52999997,.88,2.74,102.82032
1983,41,all,141,124219,19.0308,0,.084207803,1.3099999,.52999997,.85000002,2.6900001,113.50921
1970,42,all,678,587880,18.948133,0,.20618556,1.26,.19,.81999999,2.28,115.32966
1971,42,all,667,616309,18.966282,0,.19753087,1.27,.22,.82999998,2.3099999,108.22493
1972,42,all,682,632209,18.98011,0,.19138756,1.27,.20999999,.80000001,2.27,107.87572
1973,42,all,726,638858,18.983999,0,.18018018,1.29,.20999999,.81,2.3099999,113.64027
1974,42,all,732,647831,18.989845,0,.1622718,1.3,.22,.81,2.3299999,112.99243
1975,42,all,702,663306,18.980967,0,.14869888,1.33,.22,.80000001,2.3499999,105.8335
1976,42,all,691,674158,18.98465,0,.14059754,1.3200001,.22,.79000002,2.3399999,102.49823
1977,42,all,704,680289,19.002522,0,.1320132,1.35,.2,.74000001,2.29,103.48543
1978,42,all,676,671428,19.010569,0,.12269939,1.36,.20999999,.74000001,2.3199999,100.68094
1979,42,all,691,667852,19.003633,0,.11019284,1.42,.22,.73000002,2.3699999,103.46603
1980,42,all,697,661201,19.009388,0,.097087376,1.45,.22,.70999998,2.3900001,105.41424
1981,42,all,631,651001,19.024517,0,.088008799,1.42,.23,.72000003,2.3699999,96.927658
1982,42,all,580,638780,19.014887,0,.082901552,1.4400001,.23,.69999999,2.3599999,90.79808
1983,42,all,529,626230,19.017899,0,.080321282,1.41,.22,.67000002,2.29,84.473755
1970,44,all,49,56025,19.041677,0,.16627868,1.28,.38,1.17,2.8299999,87.460953
1971,44,all,63,56136,19.039316,0,.15929908,1.28,.44999999,1.1799999,2.9100001,112.22745
1972,44,all,54,57433,19.020197,.83835614,.1543448,1.35,.41999999,1.16,2.9300001,94.022598
1973,44,all,57,59199,19.003311,1,.14530659,1.3200001,.41999999,1.1900001,2.9300001,96.285408
1974,44,all,48,55519,19.000811,1,.13086435,1.37,.43000001,1.25,3.0599999,86.456886
1975,44,all,48,56090,19,1,.11991845,1.41,.46000001,1.26,3.1199999,85.576752
1976,44,all,51,57791,18.998962,1,.1133851,1.38,.47,1.21,3.0699999,88.249039
1977,44,all,52,58968,19.014856,1,.10646226,1.39,.43000001,1.12,2.9300001,88.183418
1978,44,all,46,59017,19.020943,1,.098951116,1.41,.5,1.16,3.0699999,77.943642
1979,44,all,47,59632,19.009809,1,.088865191,1.46,.5,1.11,3.0699999,78.816742
1980,44,all,54,58568,19.023237,.8428297,.078296266,1.46,.52999997,1.14,3.1400001,92.200516
1981,44,all,30,57171,19.067604,.53240573,.070974834,1.36,.51999998,1.04,2.9200001,52.474155
1982,44,all,50,54808,19.042385,.35651729,.066856094,1.34,.55000001,1.04,2.9300001,91.227554
1983,44,all,35,53869,19.018564,.33735543,.064775229,1.48,.5,1.0599999,3.04,64.972435
1970,45,all,250,168116,18.990252,1,1.9845361,.80000001,.16,1.09,2.04,148.70685
1971,45,all,232,176266,19.022789,1,1.9012345,.86000001,.19,1.11,2.1600001,131.61926
1972,45,all,294,178111,19.006474,1,1.8421053,.92000002,.20999999,1.09,2.22,165.0656
1973,45,all,266,181692,18.996527,1,1.7342341,1,.2,1.09,2.29,146.4016
1974,45,all,249,188690,19.002405,1,1.5618662,1.0599999,.19,1.1,2.3599999,131.96248
1975,45,all,244,193929,18.998886,1,1.4312267,1.09,.22,1.08,2.3900001,125.81924
1976,45,all,228,197044,19.004187,1,1.3532512,1.12,.2,1.1900001,2.52,115.7102
1977,45,all,280,198267,19.015898,1,1.270627,1.17,.17,1.14,2.49,141.22371
1978,45,all,240,198619,19.009077,1,1.1809816,1.2,.17,1.21,2.5899999,120.83436
1979,45,all,238,199538,19.00679,1,1.060606,1.25,.17,1.1799999,2.5999999,119.27553
1980,45,all,245,201485,19.014002,1,.934466,1.22,.18000001,1.0599999,2.46,121.59714
1981,45,all,199,202875,19.03302,1,.8470847,1.25,.19,1.05,2.49,98.089958
1982,45,all,197,198633,19.030508,1,.79792744,1.24,.2,1,2.4400001,99.177879
1983,45,all,217,193757,19.03684,1,.77309239,1.26,.2,1.01,2.47,111.99596
1970,46,all,61,38374,18.941628,.63344973,.33255735,.93000001,.13,.89999998,1.97,158.96179
1971,46,all,63,40066,18.963634,.65122551,.31859815,.97000003,.16,.97000003,2.0999999,157.24055
1972,46,all,66,41367,18.976768,.82924885,.30868959,1.02,.16,.91000003,2.0899999,159.54747
1973,46,all,67,41839,18.977032,1,.29061317,1.04,.16,1.02,2.21,160.13766
1974,46,all,61,42495,18.983105,1,.2617287,1.0700001,.16,1.01,2.24,143.5463
1975,46,all,72,42990,18.984997,1,.2398369,1.09,.17,1.03,2.28,167.4808
1976,46,all,59,43531,18.995062,1,.22677021,1.13,.17,1.0599999,2.3699999,135.5356
1977,46,all,61,43379,19.004772,1,.21292451,1.15,.17,1.0599999,2.3800001,140.62103
1978,46,all,52,43310,18.999422,1,.19790223,1.1900001,.17,1.05,2.4200001,120.06465
1979,46,all,55,43115,18.998423,1,.17773038,1.23,.17,1.04,2.4400001,127.56581
1980,46,all,56,43036,19.017149,1,.15659253,1.3,.18000001,1.0700001,2.5599999,130.12361
1981,46,all,44,41792,19.029192,1,.1774371,1.3200001,.19,1.05,2.5599999,105.28331
1982,46,all,43,40146,19.023613,1,.16714023,1.29,.18000001,.98000002,2.45,107.10905
1983,46,all,36,38426,19.042784,1,.16193807,1.3,.17,.94999999,2.4300001,93.686569
1970,47,all,349,220094,18.971285,0,.28267378,.87,.059999999,.57999998,1.52,158.56862
1971,47,all,364,223043,19.004089,.67123288,.27080843,.94,.1,.60000002,1.64,163.19724
1972,47,all,390,226853,18.991457,1,.26238617,.97000003,.11,.63,1.7,171.9175
1973,47,all,385,231267,18.976654,1,.2470212,1.03,.12,.68000001,1.83,166.47424
1974,47,all,362,240762,18.992142,1,.22246942,1.0700001,.11,.69999999,1.88,150.35596
1975,47,all,403,247701,18.990391,1,.20386137,1.09,.12,.72000003,1.92,162.69615
1976,47,all,369,253120,18.996065,1,.19275469,1.0599999,.11,.74000001,1.91,145.78065
1977,47,all,372,257999,19.003918,1,.18098584,1.1,.1,.70999998,1.91,144.1866
1978,47,all,424,260801,18.996824,1,.16821691,1.16,.11,.72000003,1.99,162.57607
1979,47,all,412,264021,18.997663,.80665362,.15107083,1.14,.11,.73000002,1.98,156.04819
1980,47,all,371,265527,19.008146,.67577308,.13310367,1.1,.12,.69,1.92,139.72214
1981,47,all,316,262104,19.027477,.68333179,.13840093,1.14,.13,.72000003,1.98,120.56283
1982,47,all,326,256461,19.018705,.67690212,.13036938,1.13,.14,.69999999,1.96,127.11485
1983,47,all,336,250535,19.018927,.68103856,.1263117,1.1,.14,.69,1.9299999,134.11299
1970,48,all,993,627744,18.987576,0,.35749918,1.3099999,.17,.74000001,2.22,158.1855
1971,48,all,998,666222,18.987349,0,.39753085,1.36,.19,.74000001,2.29,149.79991
1972,48,all,964,695893,18.989508,0,.38516748,1.4,.2,.73000002,2.3399999,138.52704
1973,48,all,1092,724506,19.000397,.41917807,.36261261,1.45,.2,.75,2.3900001,150.72339
1974,48,all,1077,744516,19.005642,1,.326572,1.53,.2,.77999997,2.5,144.65773
1975,48,all,1137,768811,18.999222,1,.2992565,1.5700001,.2,.80000001,2.5599999,147.8907
1976,48,all,1133,794105,19.004635,1,.28295255,1.5599999,.2,.81,2.5799999,142.67635
1977,48,all,1163,809557,19.016964,1,.26567656,1.63,.14,.81,2.5799999,143.65881
1978,48,all,1204,820410,19.014984,1,.24693252,1.7,.14,.83999997,2.6800001,146.75589
1979,48,all,1282,839840,19.009924,1,.22176309,1.76,.14,.87,2.77,152.64812
1980,48,all,1400,854834,19.018469,1,.19538835,1.77,.22,.81,2.8,163.77449
1981,48,all,1366,856536,19.030355,.89436615,.17711771,1.84,.23999999,.85000002,2.9300001,159.47958
1982,48,all,1334,859876,19.026495,.68255192,.16683938,1.83,.18000001,.83999997,2.8499999,155.13864
1983,48,all,1115,854326,19.032955,.68700826,.16164659,1.73,.27000001,.79000002,2.79,130.51224
1970,49,all,103,65106,18.936718,0,.3324742,.75,.12,.56999999,1.4400001,158.20355
1971,49,all,80,72923,18.95306,0,.31851849,.76999998,.15000001,.57999998,1.5,109.70476
1972,49,all,104,78669,18.978022,0,.30861244,.79000002,.15000001,.56999999,1.52,132.19946
1973,49,all,115,81715,18.996941,0,.29054052,.81999999,.15000001,.57999998,1.5599999,140.73303
1974,49,all,78,83238,18.998787,0,.26166329,.89999998,.14,.56999999,1.61,93.707199
1975,49,all,91,85270,18.981869,0,.23977694,.88999999,.15000001,.58999997,1.63,106.71983
1976,49,all,84,87241,18.985168,0,.22671351,.93000001,.15000001,.60000002,1.6799999,96.285004
1977,49,all,115,88750,18.998682,0,.21287128,.97000003,.14,.58999997,1.7,129.57747
1978,49,all,97,89057,18.994093,0,.19785276,.95999998,.15000001,.61000001,1.72,108.91901
1979,49,all,102,90698,18.976086,0,.17768595,.97000003,.16,.62,1.75,112.46114
1980,49,all,95,89151,18.997633,0,.15655339,.95999998,.14,.60000002,1.71,106.56078
1981,49,all,100,88040,19.046478,0,.14631464,1.01,.15000001,.57999998,1.74,113.58473
1982,49,all,84,84528,19.048943,0,.13782384,1.01,.15000001,.55000001,1.71,99.375359
1983,49,all,80,80160,19.032511,0,.35626376,.88,.14,.5,1.52,99.8004
1970,50,all,37,27034,18.945292,0,.64432991,1.38,.38999999,1.73,3.5,136.86469
1971,50,all,39,27113,18.934717,.16712329,.61728394,1.51,.47999999,1.8099999,3.79,143.84244
1972,50,all,36,28218,18.928911,1,.59808612,1.53,.44999999,1.86,3.8399999,127.57814
1973,50,all,48,29167,18.951281,1,.56306303,1.45,.46000001,1.87,3.78,164.56955
1974,50,all,35,29732,18.956881,1,.50709939,1.39,.47999999,1.84,3.71,117.71828
1975,50,all,47,30416,18.94516,1,.46468401,1.42,.49000001,1.83,3.73,154.52394
1976,50,all,32,31157,18.943512,1,.43936729,1.4299999,.5,1.76,3.6800001,102.70565
1977,50,all,35,31861,18.955118,1,.41254127,1.42,.44,1.58,3.4400001,109.85217
1978,50,all,42,32194,18.955334,1,.38343561,1.53,.47,1.59,3.5899999,130.45909
1979,50,all,47,33069,18.937403,1,.34435263,1.5700001,.47,1.5,3.54,142.12708
1980,50,all,39,32920,19.007624,1,.30339804,1.4299999,.47999999,1.39,3.3,118.46902
1981,50,all,28,31914,19.065113,1,.29152912,1.49,.5,1.33,3.3199999,87.735786
1982,50,all,39,30190,19.042364,1,.27461138,1.49,.5,1.25,3.24,129.18185
1983,50,all,39,29065,19.019094,1,.26606426,1.52,.5,1.1900001,3.21,134.18201
1970,51,all,346,269122,19.023071,0,.49883604,1.11,.2,1.02,2.3299999,128.56622
1971,51,all,355,280923,19.015997,0,.47789723,1.04,.23,1.01,2.29,126.36915
1972,51,all,324,289572,19.009556,0,.46303442,.97000003,.20999999,.98000002,2.1600001,111.88927
1973,51,all,382,301213,19.011395,0,.43591976,1.03,.25,.99000001,2.28,126.82056
1974,51,all,371,308897,19.012852,.50410956,.39259309,1.1,.22,.98000002,2.3099999,120.10476
1975,51,all,397,317825,19.009434,1,.35975537,1.14,.25,.95999998,2.3499999,124.91151
1976,51,all,334,323826,19.014242,1,.44220191,1.13,.23999999,.94999999,2.3199999,103.14181
1977,51,all,402,326903,19.026461,1,.42318749,1.1900001,.20999999,.89999998,2.3,122.97226
1978,51,all,366,327276,19.032755,1,.39333069,1.22,.20999999,.89999998,2.3299999,111.83221
1979,51,all,305,323703,19.030252,1,.35323915,1.23,.25,.92000002,2.4000001,94.222176
1980,51,all,340,321561,19.023342,1,.31122768,1.23,.25,.91000003,2.3900001,105.73421
1981,51,all,313,325816,19.026224,1,.28212497,1.23,.27000001,.88999999,2.3900001,96.06649
1982,51,all,294,322585,19.025305,1,.26575297,1.45,.27000001,.86000001,2.5899999,91.138771
1983,51,all,312,321625,19.042446,.84580243,.25748155,1.47,.27000001,.81999999,2.5699999,97.007385
1970,53,all,264,192022,18.997599,0,.12470901,1.1900001,.38999999,1.08,2.6600001,137.48425
1971,53,all,258,197176,18.988411,0,.11947431,1.23,.44,1.0599999,2.73,130.84756
1972,53,all,250,195267,18.988028,0,.11575861,1.24,.43000001,1,2.6700001,128.02983
1973,53,all,264,199366,19.004112,0,.10897994,1.3,.43000001,1.03,2.76,132.41977
1974,53,all,267,204071,19.005768,0,.098148271,1.34,.44,1.0700001,2.8499999,130.83682
1975,53,all,276,210001,18.999014,0,.089938842,1.34,.46000001,1.1,2.9000001,131.42795
1976,53,all,261,214956,19.006498,0,.085038826,1.36,.47999999,1.11,2.95,121.4202
1977,53,all,281,218056,19.022829,0,.079846695,1.36,.44999999,1.08,2.8900001,128.86598
1978,53,all,295,221256,19.023823,0,.074213341,1.39,.47999999,1.09,2.96,133.32971
1979,53,all,301,226924,19.015009,0,.066648893,1.41,.47999999,1.1,2.99,132.64352
1980,53,all,289,233159,19.021093,0,.058722202,1.52,.51999998,1.08,3.1199999,123.94975
1981,53,all,268,232085,19.025526,0,.092409238,1.38,.54000002,1.05,2.97,115.47494
1982,53,all,252,225213,19.026077,0,.092996828,1.33,.52999997,.99000001,2.8499999,111.89407
1983,53,all,225,216845,19.043962,0,.090102352,1.29,.54000002,.94,2.76,103.76075
1970,54,all,164,95003,18.942001,1,.45726636,.87,.090000004,.69,1.64,172.62613
1971,54,all,148,96291,18.976871,1,.43807247,.88999999,.1,.75,1.73,153.70076
1972,54,all,134,97156,18.981865,1,.42444822,.88,.1,.73000002,1.71,137.92252
1973,54,all,127,96733,18.969131,1,.39959311,.91000003,.090000004,.75,1.76,131.28922
1974,54,all,135,97945,18.98247,1,.35987699,.92000002,.090000004,.77999997,1.79,137.83246
1975,54,all,138,100874,18.977348,1,.32977575,.93000001,.1,.81999999,1.85,136.80434
1976,54,all,158,104181,18.980141,1,.31180903,.94,.1,.81999999,1.85,151.65913
1977,54,all,159,106501,18.999605,1,.29277122,.98000002,.090000004,.77999997,1.85,149.29437
1978,54,all,152,105539,19.006813,1,.27211559,.95999998,.090000004,.79000002,1.84,144.02258
1979,54,all,137,104922,19.006062,1,.24437927,.97000003,.090000004,.76999998,1.83,130.57318
1980,54,all,175,105497,19.009214,1,.21531475,1,.090000004,.72000003,1.8200001,165.8815
1981,54,all,128,103735,19.018894,1,.1951808,1.0599999,.14,.66000003,1.85,123.39133
1982,54,all,114,101599,19.003347,1,.18385425,1.11,.14,.55000001,1.8,112.20583
1983,54,all,121,99930,19.000961,.95808911,.17813188,1.13,.13,.47999999,1.74,121.08476
1970,55,all,318,241189,18.942635,1,.16752577,1.71,.22,1.25,3.1800001,131.8468
1971,55,all,300,251094,18.976236,1,.16049382,1.74,.25,1.26,3.25,119.47717
1972,55,all,346,257687,18.98761,1,.15550239,1.74,.25999999,1.27,3.27,134.27142
1973,55,all,380,260425,18.982836,1,.14639638,1.77,.25999999,1.4299999,3.46,145.91533
1974,55,all,364,264991,18.991539,1,.13184583,1.78,.25999999,1.34,3.3800001,137.36316
1975,55,all,308,271317,18.985315,1,.12081784,1.87,.25999999,1.3099999,3.4400001,113.52035
1976,55,all,349,275660,18.98382,1,.11423549,1.8,.27000001,1.3099999,3.3800001,126.60524
1977,55,all,353,281035,18.995544,1,.10726073,1.78,.27000001,1.26,3.3099999,125.60713
1978,55,all,340,282414,18.998606,1,.099693254,1.8,.28,1.1799999,3.25,120.39063
1979,55,all,366,286956,18.991856,1,.089531682,1.88,.28,1.17,3.3299999,127.54568
1980,55,all,372,287202,19.006891,1,.078883491,1.96,.31,1.2,3.46,129.52556
1981,55,all,294,283203,19.026129,1,.071507148,1.95,.31,1.2,3.47,103.81246
1982,55,all,280,274185,19.020872,1,.06735751,1.9299999,.30000001,1.04,3.27,102.12083
1983,55,all,270,264489,19.025469,1,.065261044,1.9299999,.33000001,1.0700001,3.3299999,102.08364
1970,56,all,45,17317,18.935497,0,.051546391,1.28,.16,1.15,2.5899999,259.86026
1971,56,all,35,18971,18.943176,0,.049382716,1.3200001,.18000001,1.1799999,2.6900001,184.49213
1972,56,all,50,20507,18.968645,0,.047846891,1.4,.19,1.17,2.76,243.81918
1973,56,all,58,21361,18.993914,.4482218,.045045044,1.54,.2,1.24,2.98,271.52286
1974,56,all,69,22112,19.005878,.67004341,.040567949,1.7,.20999999,1.3099999,3.21,312.04776
1975,56,all,62,23219,18.999527,.66811663,.03717472,1.83,.20999999,1.3200001,3.3599999,267.02271
1976,56,all,72,24202,19.014709,.67920005,.035149384,1.8200001,.20999999,1.3099999,3.3399999,297.49606
1977,56,all,47,25156,19.026793,.68210369,.0330033,1.79,.20999999,1.3200001,3.3099999,186.83415
1978,56,all,61,26000,19.022846,.68146151,.030674847,1.8200001,.22,1.36,3.4100001,234.61539
1979,56,all,48,27195,19.026218,.68413311,.027548209,1.86,.22,1.3,3.3800001,176.50304
1980,56,all,67,27908,19.037981,.69084132,.024271844,1.85,.23999999,1.3200001,3.4200001,240.07452
1981,56,all,63,27070,19.042223,.68925011,.0220022,1.91,.23999999,1.27,3.4200001,232.72997
1982,56,all,45,26145,19.026123,.68185121,.020725388,1.8,.23999999,1.21,3.25,172.11703
1983,56,all,39,24626,19.027044,.6849671,.020080321,1.66,.22,1.09,2.98,158.3692
